user_id,property_id,ratings
5bee1d8ab45a1533080d14d5,5baf3d4f730e9e0001237d7e,1
5bee1d8ab45a1533080d14d5,5c5d2ff2884c6300018d19fa,1
5bee1d8ab45a1533080d14d5,5d8b146ba01dc46930759a79,1
5bee1d8ab45a1533080d14d5,5d8b146ba01dc46930759a79,2
5bee1d8ab45a1533080d14d5,5baf3d4f730e9e0001237d7e,4
5bee1d8ab45a1533080d14d5,5d8b146ba01dc46930759a79,4
5bf0b0622169690001e8c106,5baa0423ee129d0001df1a51,1
5bf0b0622169690001e8c106,5bb1094a730e9e0001237d97,1
5bf0b0622169690001e8c106,5bb197a481e8a80001c2dbe2,1
5bf0b0622169690001e8c106,5bb2d50081e8a80001c2dbe6,1
5bf0b0622169690001e8c106,5bb4396881e8a80001c2dbf5,1
5bf0b0622169690001e8c106,5bb6277b81e8a80001c2dc2e,1
5bf0b0622169690001e8c106,5c3b4eea33ea3b0001aae905,1
5bf0b0622169690001e8c106,5c47dddd86251f0001e86fdc,1
5bf0b0622169690001e8c106,5c4d2e50884c6300018d19b2,1
5bf0b0622169690001e8c106,5c5d2ff2884c6300018d19fa,1
5bf0b0622169690001e8c106,5c8c72ec586020000148dde3,1
5bf0b0622169690001e8c106,5d595004dd428500014122a5,1
5bf0b0622169690001e8c106,5d5a0b0260bce9000168b17b,1
5bf0b0622169690001e8c106,5d5aac8407d44600017cb28c,1
5bf0b0622169690001e8c106,5ddaa8d1d93ecc0001cbc97e,1
5bf0b0622169690001e8c106,5e63867ece57000001c7b73a,1
5bf0b0622169690001e8c106,5e9358522816ec0001f628aa,1
5bf0b0622169690001e8c106,5bb197a481e8a80001c2dbe2,2
5bf0b0622169690001e8c106,5c9a0124586020000148de5e,2
5bf0e7db2169690001e8c10a,5dea717ed93ecc0001cbcaa4,1
5bf0e7db2169690001e8c10a,5e48ecfc46579600016d0c65,1
5bf0e7db2169690001e8c10a,5e5b48984ce47700016101cd,1
5bfaed099a291d00012035eb,5bb197a481e8a80001c2dbe2,1
5bfaed099a291d00012035eb,5bcc2f6c5c968b00019b4753,1
5bfaed099a291d00012035eb,5d6deafb77fc9f0001f4c6c4,1
5bfaed099a291d00012035eb,5bb2d50081e8a80001c2dbe6,1
5bfaed099a291d00012035eb,5ce4be0303594f0001c6014b,1
5bfaed099a291d00012035eb,5e48ecfc46579600016d0c65,1
5bfaed099a291d00012035eb,5bb197a481e8a80001c2dbe2,3
5bfaed099a291d00012035eb,5bb197a481e8a80001c2dbe2,4
5bfaed099a291d00012035eb,5d6deafb77fc9f0001f4c6c4,4
5c2b46b29277560001923000,5bb197a481e8a80001c2dbe2,1
5c2b46b29277560001923000,5bc91ef5345a5800013d74e2,1
5c2b46b29277560001923000,5bcc0d725c968b00019b4752,1
5c2b46b29277560001923000,5be3b76b4b35f70001e26a1c,1
5c2b46b29277560001923000,5c9a0124586020000148de5e,1
5c2b46b29277560001923000,5d5a0b0260bce9000168b17b,1
5c2b46b29277560001923000,5bcc0d725c968b00019b4752,4
5c32a328636b900001b0f93e,5c3ab78433ea3b0001aae8e3,1
5c32a328636b900001b0f93e,5d595004dd428500014122a5,1
5c32a328636b900001b0f93e,5d612289ef3f4c0001d094df,1
5c32a328636b900001b0f93e,5d612289ef3f4c0001d094df,2
5c3ec26c33ea3b0001aae9cf,5c9c5f95a6a2cd0001754d98,1
5c3ec26c33ea3b0001aae9cf,5c9c5f95a6a2cd0001754d98,4
5c4b2994884c6300018d198d,5d6dff5177fc9f0001f4c6c9,1
5c4da3cac327530001a1de18,5dba9e6dd129c70001c7ad5b,1
5c4da3cac327530001a1de18,5dcd3eb382874000014a1eac,1
5c4ea9c8c327530001a1de2c,5d71c3aa77fc9f0001f4c6dd,1
5c4ea9c8c327530001a1de2c,5bb4364781e8a80001c2dbf4,1
5c4ea9c8c327530001a1de2c,5bc8b519345a5800013d74df,1
5c4ea9c8c327530001a1de2c,5d2342b160d8c30001021c38,1
5c539718bd9f3800016a80da,5baa0a65ee129d0001df1a53,1
5c539718bd9f3800016a80da,5bb197a481e8a80001c2dbe2,1
5c539718bd9f3800016a80da,5bb3ba7781e8a80001c2dbee,1
5c539718bd9f3800016a80da,5bdd1a1d4b35f70001e26a13,1
5c539718bd9f3800016a80da,5c4359813bf2a500013bafe4,1
5c539718bd9f3800016a80da,5c5d2ff2884c6300018d19fa,1
5c539718bd9f3800016a80da,5c7b4edaa6a2cd0001754c9c,1
5c539718bd9f3800016a80da,5ca06b77ca3b6900011cdee9,1
5c539718bd9f3800016a80da,5ca4c960b6b36d0001f68d6c,1
5c539718bd9f3800016a80da,5cd50e0dcb680e0001969eca,1
5c539718bd9f3800016a80da,5d432f8016b7960001c615e4,1
5c539718bd9f3800016a80da,5d43335d3c1f8600013e568c,1
5c539718bd9f3800016a80da,5d4a8ff016b7960001c615fe,1
5c539718bd9f3800016a80da,5d53f9d307d44600017cb264,1
5c539718bd9f3800016a80da,5d54293c60bce9000168b162,1
5c539718bd9f3800016a80da,5d595c9560bce9000168b172,1
5c539718bd9f3800016a80da,5d59673a60bce9000168b175,1
5c539718bd9f3800016a80da,5d5ceb475bed820001968f30,1
5c539718bd9f3800016a80da,5d5fea5cef3f4c0001d094d4,1
5c539718bd9f3800016a80da,5d66578d2fea1f0001cbd1cb,1
5c539718bd9f3800016a80da,5d735aacbe30f50001fe09e7,1
5c539718bd9f3800016a80da,5d9577164d2f6c00014a3a4e,1
5c539718bd9f3800016a80da,5d958d51b5b3230001cb7d58,1
5c539718bd9f3800016a80da,5d9721301c94b000014ef241,1
5c539718bd9f3800016a80da,5da96a2e1c94b000014ef2cf,1
5c539718bd9f3800016a80da,5db8d611d6704000014c5324,1
5c539718bd9f3800016a80da,5dc18888fb8ee00001d6731d,1
5c539718bd9f3800016a80da,5def8f1458bc1b00018beeae,1
5c539718bd9f3800016a80da,5df3366eda336300018feb73,1
5c539718bd9f3800016a80da,5e1dd342c71f1800018104de,1
5c539718bd9f3800016a80da,5e3a89f6a005c400019a0704,1
5c539718bd9f3800016a80da,5e539a2be98214000185d499,1
5c539718bd9f3800016a80da,5e9358522816ec0001f628aa,1
5c539718bd9f3800016a80da,5c4d2e50884c6300018d19b2,2
5c539718bd9f3800016a80da,5d53f9d307d44600017cb264,2
5c539718bd9f3800016a80da,5d5fea5cef3f4c0001d094d4,2
5c539718bd9f3800016a80da,5d9577164d2f6c00014a3a4e,2
5c539718bd9f3800016a80da,5d5fea5cef3f4c0001d094d4,4
5c56f11abd9f3800016a8161,5bcc0d725c968b00019b4752,1
5c582e53bd9f3800016a818b,5baf2933730e9e0001237d79,1
5c582e53bd9f3800016a818b,5bb197a481e8a80001c2dbe2,1
5c582e53bd9f3800016a818b,5c3b5dbf33ea3b0001aae907,1
5c582e53bd9f3800016a818b,5ca5c931e9aa44000111096c,1
5c582e53bd9f3800016a818b,5bb0fbb8730e9e0001237d8e,1
5c582e53bd9f3800016a818b,5bb4b4c481e8a80001c2dbfc,1
5c582e53bd9f3800016a818b,5bb6277b81e8a80001c2dc2e,1
5c582e53bd9f3800016a818b,5bdd1a1d4b35f70001e26a1,1
5c582e53bd9f3800016a818b,5bdd1a1d4b35f70001e26a13,1
5c582e53bd9f3800016a818b,5c9a0124586020000148de5e,1
5c582e53bd9f3800016a818b,5d9821ff1c94b000014ef24e,1
5c582e53bd9f3800016a818b,5baa0bd8ee129d0001df1a54,1
5c582e53bd9f3800016a818b,5bb4cc1d81e8a80001c2dbff,1
5c582e53bd9f3800016a818b,5d5a00f807d44600017cb27a,1
5c582e53bd9f3800016a818b,5baf2ca5730e9e0001237d7b,1
5c582e53bd9f3800016a818b,5bb4328181e8a80001c2dbf0,1
5c582e53bd9f3800016a818b,5bb4ceb181e8a80001c2dc00,1
5c582e53bd9f3800016a818b,5dd7e652d93ecc0001cbc953,1
5c582e53bd9f3800016a818b,5e2c0350a1c1fc0001362643,1
5c582e53bd9f3800016a818b,5bb0fbb8730e9e0001237d8e,2
5c582e53bd9f3800016a818b,5c9a0124586020000148de5e,2
5c582e53bd9f3800016a818b,5d5a0b0260bce9000168b17b,2
5c582e53bd9f3800016a818b,5d6a941472abfc00018c5618,2
5c582e53bd9f3800016a818b,5dd7e652d93ecc0001cbc953,2
5c582e53bd9f3800016a818b,5e2c0350a1c1fc0001362643,2
5c582e53bd9f3800016a818b,5ca5c931e9aa44000111096c,3
5c582e53bd9f3800016a818b,5bb0fbb8730e9e0001237d8e,3
5c582e53bd9f3800016a818b,5bb4328181e8a80001c2dbf0,3
5c582e53bd9f3800016a818b,5bb197a481e8a80001c2dbe2,4
5c582e53bd9f3800016a818b,5ca5c931e9aa44000111096c,4
5c582e53bd9f3800016a818b,5bb4b4c481e8a80001c2dbfc,4
5c582e53bd9f3800016a818b,5bdd1a1d4b35f70001e26a13,4
5c582e53bd9f3800016a818b,5bb4328181e8a80001c2dbf0,4
5c582e53bd9f3800016a818b,5d5a00f807d44600017cb27a,4
5c599d66bd9f3800016a81c3,5bb6120f81e8a80001c2dc21,1
5c599d66bd9f3800016a81c3,5bc9740c345a5800013d74e4,1
5c874efe6186de00012a0954,5bb10f8e730e9e0001237d9b,1
5c874efe6186de00012a0954,5bf9c8b053e7d00001dc468d,1
5c874efe6186de00012a0954,5c9a0124586020000148de5e,1
5c874efe6186de00012a0954,5cb478f11a05920001750435,1
5c874efe6186de00012a0954,5ba9fbf1ee129d0001df1a4e,2
5c874efe6186de00012a0954,5bb10f8e730e9e0001237d9b,2
5c874efe6186de00012a0954,5bc91ef5345a5800013d74e2,2
5c874efe6186de00012a0954,5d59375fdd428500014122a0,2
5c874efe6186de00012a0954,5bb10f8e730e9e0001237d9b,4
5c94cdeba6a2cd0001754d60,5bb4db8e81e8a80001c2dc06,1
5c94cdeba6a2cd0001754d60,5bb4e6e981e8a80001c2dc0b,1
5c94cdeba6a2cd0001754d60,5bb4ed1381e8a80001c2dc0f,1
5c94cdeba6a2cd0001754d60,5c0120783da4070001e54d20,1
5c94cdeba6a2cd0001754d60,5d432f8016b7960001c615e4,1
5c94cdeba6a2cd0001754d60,5d432f8016b7960001c615e4,4
5ca4c730e9aa440001110962,5bef8a5a44dcca0001d72cfc,1
5ca53e216975f8000102a760,5bb4d86581e8a80001c2dc05,1
5ca53e216975f8000102a760,5bdd1a1d4b35f70001e26a13,1
5ca53e216975f8000102a760,5c35f661a1ab250001db5c26,1
5ca53e216975f8000102a760,5ca4c960b6b36d0001f68d6c,1
5ca53e216975f8000102a760,5d67832eef3f4c0001d09505,1
5ca53e216975f8000102a760,5d9c0ab01c94b000014ef267,1
5ca53e216975f8000102a760,5db8d611d6704000014c5324,1
5ca53e216975f8000102a760,5df9e6cf58bc1b00018bef5e,1
5d1e224298f00d000136ebc5,5bb4db8e81e8a80001c2dc06,1
5d1e224298f00d000136ebc5,5bb4dfa681e8a80001c2dc09,1
5d1e224298f00d000136ebc5,5bb4e6e981e8a80001c2dc0b,1
5d525592dd42850001412272,5bb197a481e8a80001c2dbe2,2
5d525592dd42850001412272,5c9a0124586020000148de5e,2
5d8257fc02a7ab0001a45d6b,5bb4cc1d81e8a80001c2dbff,1
5d9614cd4d2f6c00014a3a5b,5ba9fbf1ee129d0001df1a4e,1
5d9614cd4d2f6c00014a3a5b,5bb4e6e981e8a80001c2dc0b,1
5d9614cd4d2f6c00014a3a5b,5bf9c8b053e7d00001dc468d,1
5d9614cd4d2f6c00014a3a5b,5c016d863da4070001e54d24,1
5d9614cd4d2f6c00014a3a5b,5c457fd4e393180001c2deb1,1
5d9614cd4d2f6c00014a3a5b,5c016d863da4070001e54d24,2
5dc17085ca8ac60001c98412,5bb4b4c481e8a80001c2dbfc,1
5dc17085ca8ac60001c98412,5d4278543c1f8600013e5684,1
5dc17085ca8ac60001c98412,5d6deafb77fc9f0001f4c6c4,1
5dc184c19fe0ef000102f317,5db8d611d6704000014c5324,1
5dce392d0cdc7a00019deb04,5baf2933730e9e0001237d79,1
5dce392d0cdc7a00019deb04,5bb10f8e730e9e0001237d9b,1
5dce392d0cdc7a00019deb04,5bb4328181e8a80001c2dbf0,1
5dce392d0cdc7a00019deb04,5bc8b519345a5800013d74df,1
5dce392d0cdc7a00019deb04,5bc8b519345a5800013d74df,2
5dd0a1143dd5ba0001a3279e,5bb0fbb8730e9e0001237d8e,1
5dd0a1143dd5ba0001a3279e,5bb10f8e730e9e0001237d9b,1
5dd0a1143dd5ba0001a3279e,5bb190d281e8a80001c2dbe1,1
5dd0a1143dd5ba0001a3279e,5bb197a481e8a80001c2dbe2,1
5dd0a1143dd5ba0001a3279e,5bb4cc1d81e8a80001c2dbff,1
5dd0a1143dd5ba0001a3279e,5c9a0124586020000148de5e,1
5dd0a1143dd5ba0001a3279e,5d5a0b0260bce9000168b17b,1
5dd0a1143dd5ba0001a3279e,5d6a941472abfc00018c5618,1
5dd0a1143dd5ba0001a3279e,5baa0423ee129d0001df1a51,2
5dd0a1143dd5ba0001a3279e,5bb0fbb8730e9e0001237d8e,2
5dd0a1143dd5ba0001a3279e,5bb2d50081e8a80001c2dbe6,2
5dd0a1143dd5ba0001a3279e,5bb43be781e8a80001c2dbf7,2
5dd0a1143dd5ba0001a3279e,5bb4b4c481e8a80001c2dbfc,2
5dd0a1143dd5ba0001a3279e,5bb4cc1d81e8a80001c2dbff,2
5dd0a1143dd5ba0001a3279e,5c9a0124586020000148de5e,2
5dd0a1143dd5ba0001a3279e,5d5a0b0260bce9000168b17b,2
5dd0a1143dd5ba0001a3279e,5e2c0350a1c1fc0001362643,2
5dd0a1143dd5ba0001a3279e,5bb10f8e730e9e0001237d9b,3
5dd0a1143dd5ba0001a3279e,5c9a0124586020000148de5e,3
5dd0a1143dd5ba0001a3279e,5d5a0b0260bce9000168b17b,3
5dd0a1143dd5ba0001a3279e,5bb190d281e8a80001c2dbe1,4
5dd0a1143dd5ba0001a3279e,5bb4cc1d81e8a80001c2dbff,4
5dd0a1143dd5ba0001a3279e,5c9a0124586020000148de5e,4
5dd0a1143dd5ba0001a3279e,5d5a0b0260bce9000168b17b,4
5dd240c17f72f40001494abb,5baf2933730e9e0001237d79,1
5dd240c17f72f40001494abb,5bb0f77b730e9e0001237d8a,1
5dd240c17f72f40001494abb,5bb0fcaa730e9e0001237d8f,1
5dd240c17f72f40001494abb,5bb0ffba730e9e0001237d91,1
5dd240c17f72f40001494abb,5bb10512730e9e0001237d95,1
5dd240c17f72f40001494abb,5bb10e90730e9e0001237d9a,1
5dd240c17f72f40001494abb,5bb10f8e730e9e0001237d9b,1
5dd240c17f72f40001494abb,5bb110f5730e9e0001237d9c,1
5dd240c17f72f40001494abb,5bb111a4730e9e0001237d9d,1
5dd240c17f72f40001494abb,5bb190d281e8a80001c2dbe1,1
5dd240c17f72f40001494abb,5bb2d65a81e8a80001c2dbe7,1
5dd240c17f72f40001494abb,5bb4328181e8a80001c2dbf0,1
5dd240c17f72f40001494abb,5bb4396881e8a80001c2dbf5,1
5dd240c17f72f40001494abb,5bc858c65c968b00019b472d,1
5dd240c17f72f40001494abb,5bc8be895c968b00019b4739,1
5dd240c17f72f40001494abb,5bc91ef5345a5800013d74e2,1
5dd240c17f72f40001494abb,5bca7f415c968b00019b4749,1
5dd240c17f72f40001494abb,5bdd1a1d4b35f70001e26a13&utm_source=line&utm_medium=group,1
5dd240c17f72f40001494abb,5be3c5344b35f70001e26a1d,1
5dd240c17f72f40001494abb,5bf9c8b053e7d00001dc468d,1
5dd240c17f72f40001494abb,5c0120783da4070001e54d20,1
5dd240c17f72f40001494abb,5c016d863da4070001e54d24,1
5dd240c17f72f40001494abb,5c1e1791d62cab0001b68557,1
5dd240c17f72f40001494abb,5c3b5dbf33ea3b0001aae907,1
5dd240c17f72f40001494abb,5c40a8ea33ea3b0001aaea5e,1
5dd240c17f72f40001494abb,5c52e026bd9f3800016a80cb,1
5dd240c17f72f40001494abb,5c7661c46186de00012a08de,1
5dd240c17f72f40001494abb,5c834b9a6186de00012a0933,1
5dd240c17f72f40001494abb,5c84e67a586020000148dd92,1
5dd240c17f72f40001494abb,5c9a0124586020000148de5e,1
5dd240c17f72f40001494abb,5ca4ac746975f8000102a75b,1
5dd240c17f72f40001494abb,5cb478f11a05920001750435,1
5dd240c17f72f40001494abb,5ce077b403594f0001c60143,1
5dd240c17f72f40001494abb,5cee28f211ec0a0001765d20,1
5dd240c17f72f40001494abb,5d540fb707d44600017cb268,1
5dd240c17f72f40001494abb,5d558278dd4285000141228e,1
5dd240c17f72f40001494abb,5d5bce66ea2763000137d113,1
5dd240c17f72f40001494abb,5d5cf5a35bed820001968f32,1
5dd240c17f72f40001494abb,5d5fef9bef3f4c0001d094d6,1
5dd240c17f72f40001494abb,5d6a78c4ef3f4c0001d09526,1
5dd240c17f72f40001494abb,5d6dff5177fc9f0001f4c6c9,1
5dd240c17f72f40001494abb,5db17b7f0a5654000189841c,1
5dd240c17f72f40001494abb,5db8d611d6704000014c5324,1
5dd240c17f72f40001494abb,5dba9e6dd129c70001c7ad5b,1
5dd240c17f72f40001494abb,5de0c9c895aa210001079485,1
5dd240c17f72f40001494abb,5def8f1458bc1b00018beeae,1
5dd240c17f72f40001494abb,5e047b18da336300018fec46,1
5dd240c17f72f40001494abb,5e1dd342c71f1800018104de,1
5dd240c17f72f40001494abb,5e2c0350a1c1fc0001362643,1
5dd240c17f72f40001494abb,5e2c3052046899000179a915,1
5dd240c17f72f40001494abb,5e48ecfc46579600016d0c65,1
5dd240c17f72f40001494abb,5bb10f8e730e9e0001237d9b,2
5dd240c17f72f40001494abb,5bb190d281e8a80001c2dbe1,2
5dd240c17f72f40001494abb,5bb2d65a81e8a80001c2dbe7,2
5dd240c17f72f40001494abb,5bc858c65c968b00019b472d,2
5dd240c17f72f40001494abb,5bca7f415c968b00019b4749,2
5dd240c17f72f40001494abb,5bf9c8b053e7d00001dc468d,2
5dd240c17f72f40001494abb,5c016d863da4070001e54d24,2
5dd240c17f72f40001494abb,5cb478f11a05920001750435,2
5dd240c17f72f40001494abb,5d5bce66ea2763000137d113,2
5dd240c17f72f40001494abb,5bb10f8e730e9e0001237d9b,3
5dd240c17f72f40001494abb,5bc858c65c968b00019b472d,3
5dd240c17f72f40001494abb,5bc858c65c968b00019b472d,4
5dd240c17f72f40001494abb,5bf9c8b053e7d00001dc468d,4
5dd67d4095aa2100010793f9,5bb4cc1d81e8a80001c2dbff,1
5dd67d4095aa2100010793f9,5c8617db586020000148dd9f,1
5dd67d4095aa2100010793f9,5e1e8e93c71f1800018104f4,1
5dd67d4095aa2100010793f9,5bb4cc1d81e8a80001c2dbff,4
5dddab8295aa21000107945c,5baa0a65ee129d0001df1a53,1
5dddab8295aa21000107945c,5baf2933730e9e0001237d79,1
5dddab8295aa21000107945c,5bb0fbb8730e9e0001237d8e,1
5dddab8295aa21000107945c,5bb0ffba730e9e0001237d91,1
5dddab8295aa21000107945c,5bb190d281e8a80001c2dbe1,1
5dddab8295aa21000107945c,5bb197a481e8a80001c2dbe2,1
5dddab8295aa21000107945c,5bb2d65a81e8a80001c2dbe7,1
5dddab8295aa21000107945c,5bb4328181e8a80001c2dbf0,1
5dddab8295aa21000107945c,5bb4396881e8a80001c2dbf5,1
5dddab8295aa21000107945c,5bb43be781e8a80001c2dbf7,1
5dddab8295aa21000107945c,5bb4cc1d81e8a80001c2dbff,1
5dddab8295aa21000107945c,5bb4d00881e8a80001c2dc01,1
5dddab8295aa21000107945c,5bb4d1e881e8a80001c2dc02,1
5dddab8295aa21000107945c,5bb4d2e281e8a80001c2dc03,1
5dddab8295aa21000107945c,5bb4e85f81e8a80001c2dc0c,1
5dddab8295aa21000107945c,5bb4ed1381e8a80001c2dc0f,1
5dddab8295aa21000107945c,5bb4f50c81e8a80001c2dc15,1
5dddab8295aa21000107945c,5bb4f7c481e8a80001c2dc16,1
5dddab8295aa21000107945c,5bb5a5de81e8a80001c2dc1a,1
5dddab8295aa21000107945c,5bb6277b81e8a80001c2dc2e,1
5dddab8295aa21000107945c,5bc6a5ec5c968b00019b4729,1
5dddab8295aa21000107945c,5bc8647a5c968b00019b472f,1
5dddab8295aa21000107945c,5bc9879d5c968b00019b473d,1
5dddab8295aa21000107945c,5bc9b4395c968b00019b4743,1
5dddab8295aa21000107945c,5c40a8ea33ea3b0001aaea5e,1
5dddab8295aa21000107945c,5c4d2e50884c6300018d19b2,1
5dddab8295aa21000107945c,5c5ffcc8bd9f3800016a827a,1
5dddab8295aa21000107945c,5c6c8de3bd9f3800016a841d,1
5dddab8295aa21000107945c,5c8617db586020000148dd9f,1
5dddab8295aa21000107945c,5c94f5116186de00012a09c3,1
5dddab8295aa21000107945c,5c9a0124586020000148de5e,1
5dddab8295aa21000107945c,5ca4ac746975f8000102a75b,1
5dddab8295aa21000107945c,5caedf1172645600013defc0,1
5dddab8295aa21000107945c,5d2342b160d8c30001021c38,1
5dddab8295aa21000107945c,5d2aaf1b3c1f8600013e5637,1
5dddab8295aa21000107945c,5d432f8016b7960001c615e4,1
5dddab8295aa21000107945c,5d52a7eb60bce9000168b156,1
5dddab8295aa21000107945c,5d54293c60bce9000168b162,1
5dddab8295aa21000107945c,5d595c9560bce9000168b172,1
5dddab8295aa21000107945c,5d59673a60bce9000168b175,1
5dddab8295aa21000107945c,5d5bce66ea2763000137d113,1
5dddab8295aa21000107945c,5d5fea5cef3f4c0001d094d4,1
5dddab8295aa21000107945c,5d6df82877fc9f0001f4c6c7,1
5dddab8295aa21000107945c,5da96a2e1c94b000014ef2cf,1
5dddab8295aa21000107945c,5e050ffada336300018fec48,1
5dddab8295aa21000107945c,5e2c0350a1c1fc0001362643,1
5dddab8295aa21000107945c,5e9358522816ec0001f628aa,1
5dddab8295aa21000107945c,5bb197a481e8a80001c2dbe2,3
5dddab8295aa21000107945c,5bb4f50c81e8a80001c2dc15,3
5dddab8295aa21000107945c,5c9a0124586020000148de5e,3
5dddab8295aa21000107945c,5bb4cc1d81e8a80001c2dbff,4
5dddab8295aa21000107945c,5bb4f50c81e8a80001c2dc15,4
5dddab8295aa21000107945c,5c40a8ea33ea3b0001aaea5e,4
5dddab8295aa21000107945c,5c9a0124586020000148de5e,4
5dddab8295aa21000107945c,5d5fea5cef3f4c0001d094d4,4
5dddab8295aa21000107945c,5d6df82877fc9f0001f4c6c7,4
5dddab8295aa21000107945c,5e2c0350a1c1fc0001362643,4
5de2072795aa2100010794b6,5baa0423ee129d0001df1a51,1
5de2072795aa2100010794b6,5baf18c2730e9e0001237d76,1
5de2072795aa2100010794b6,5bb0f9e0730e9e0001237d8c,1
5de2072795aa2100010794b6,5bb1094a730e9e0001237d97,1
5de2072795aa2100010794b6,5bb2d50081e8a80001c2dbe6,1
5de2072795aa2100010794b6,5bb2d65a81e8a80001c2dbe7,1
5de2072795aa2100010794b6,5bb2eb0481e8a80001c2dbe8,1
5de2072795aa2100010794b6,5bb4333f81e8a80001c2dbf1,1
5de2072795aa2100010794b6,5bb4b1ab81e8a80001c2dbfa,1
5de2072795aa2100010794b6,5bb4cc1d81e8a80001c2dbff,1
5de2072795aa2100010794b6,5bb4d2e281e8a80001c2dc03,1
5de2072795aa2100010794b6,5bb4f50c81e8a80001c2dc15,1
5de2072795aa2100010794b6,5bb59be781e8a80001c2dc19,1
5de2072795aa2100010794b6,5bc8647a5c968b00019b472f,1
5de2072795aa2100010794b6,5bcada39345a5800013d74f3,1
5de2072795aa2100010794b6,5c00af88770d4900011fcb01,1
5de2072795aa2100010794b6,5c40a8ea33ea3b0001aaea5e,1
5de2072795aa2100010794b6,5c5d2ff2884c6300018d19fa,1
5de2072795aa2100010794b6,5c7b4edaa6a2cd0001754c9c,1
5de2072795aa2100010794b6,5c88cf746186de00012a0965,1
5de2072795aa2100010794b6,5c98e7a5a6a2cd0001754d89,1
5de2072795aa2100010794b6,5c9a0124586020000148de5e,1
5de2072795aa2100010794b6,5d15c66460d8c30001021c21,1
5de2072795aa2100010794b6,5d432f8016b7960001c615e4,1
5de2072795aa2100010794b6,5d5a0b0260bce9000168b17b,1
5de2072795aa2100010794b6,5d6dff5177fc9f0001f4c6c9,1
5de2072795aa2100010794b6,5d735aacbe30f50001fe09e7,1
5de2072795aa2100010794b6,5d935fed4d2f6c00014a3a35,1
5de2072795aa2100010794b6,5d9577164d2f6c00014a3a4e,1
5de2072795aa2100010794b6,5d9721301c94b000014ef241,1
5de2072795aa2100010794b6,5d9ca9a7733fb70001f2a09e,1
5de2072795aa2100010794b6,5dc18888fb8ee00001d6731d,1
5de2072795aa2100010794b6,5dd931f228c8290001f29732,1
5de2072795aa2100010794b6,5def8f1458bc1b00018beeae,1
5de2072795aa2100010794b6,5e5b48984ce47700016101cd,1
5de2072795aa2100010794b6,5e5e32c44ce4770001610214,1
5de2072795aa2100010794b6,5e6745cb856125000194d3b5,1
5de2072795aa2100010794b6,5e9358522816ec0001f628aa,1
5de2072795aa2100010794b6,5ba9ff1aee129d0001df1a4f,1
5de2072795aa2100010794b6,5bb1086f730e9e0001237d96,1
5de2072795aa2100010794b6,5bb11615730e9e0001237da0,1
5de2072795aa2100010794b6,5bb4e85f81e8a80001c2dc0c,1
5de2072795aa2100010794b6,5bb4eba381e8a80001c2dc0e,1
5de2072795aa2100010794b6,5bb4ed1381e8a80001c2dc0f,1
5de2072795aa2100010794b6,5bb4ee4e81e8a80001c2dc10,1
5de2072795aa2100010794b6,5bbb8c3e3463c20001bd7deb,1
5de2072795aa2100010794b6,5d540fb707d44600017cb268,1
5de2072795aa2100010794b6,5d5d1fdcb764640001ada1c2,1
5de2072795aa2100010794b6,5d6377222fea1f0001cbd1bd,1
5de2072795aa2100010794b6,5d6a18d272abfc00018c560e,1
5de2072795aa2100010794b6,5d71c3aa77fc9f0001f4c6dd,1
5de2072795aa2100010794b6,5dba9e6dd129c70001c7ad5b,1
5de2072795aa2100010794b6,5de2112428c8290001f297c6,1
5de2072795aa2100010794b6,5e2c0350a1c1fc0001362643,1
5de2072795aa2100010794b6,5e2c3052046899000179a915,1
5de2072795aa2100010794b6,5e6dd01ece57000001c7b7c0,1
5de2072795aa2100010794b6,5bc8647a5c968b00019b472f,2
5de2072795aa2100010794b6,5c00af88770d4900011fcb01,2
5de2072795aa2100010794b6,5c5d2ff2884c6300018d19fa,2
5de2072795aa2100010794b6,5bbb8c3e3463c20001bd7deb,2
5de2072795aa2100010794b6,5c9a0124586020000148de5e,2
5de2072795aa2100010794b6,5d9577164d2f6c00014a3a4e,2
5de2072795aa2100010794b6,5de2112428c8290001f297c6,2
5de2072795aa2100010794b6,5e2c3052046899000179a915,2
5de2072795aa2100010794b6,5bc8647a5c968b00019b472f,4
5de2072795aa2100010794b6,5d735aacbe30f50001fe09e7,4
5de3ce41d93ecc0001cbca33,5e9f980a59fa4f000165e4ff,3
5de3ce41d93ecc0001cbca33,5e9f980a59fa4f000165e4ff,4
5de7c22f95aa210001079517,5bb4cc1d81e8a80001c2dbff,1
5de7c22f95aa210001079517,5bb4e9b581e8a80001c2dc0d,1
5de7c22f95aa210001079517,5d5a0b0260bce9000168b17b,1
5de7c22f95aa210001079517,5d5cf5a35bed820001968f32,1
5de7c22f95aa210001079517,5d6209abef3f4c0001d094e4,1
5de7c22f95aa210001079517,5dba9e6dd129c70001c7ad5b,1
5de7c22f95aa210001079517,5d432f8016b7960001c615e4,1
5de9dd1095aa210001079549,5ba9fbf1ee129d0001df1a4e,1
5de9dd1095aa210001079549,5bb0fabc730e9e0001237d8d,1
5de9dd1095aa210001079549,5bb10f8e730e9e0001237d9b,1
5de9dd1095aa210001079549,5bb110f5730e9e0001237d9c,1
5de9dd1095aa210001079549,5bb197a481e8a80001c2dbe2,1
5de9dd1095aa210001079549,5bb4328181e8a80001c2dbf0,1
5de9dd1095aa210001079549,5bb4396881e8a80001c2dbf5,1
5de9dd1095aa210001079549,5bb43be781e8a80001c2dbf7,1
5de9dd1095aa210001079549,5bb43dc381e8a80001c2dbf8,1
5de9dd1095aa210001079549,5bb4eba381e8a80001c2dc0e,1
5de9dd1095aa210001079549,5bb4ed1381e8a80001c2dc0f,1
5de9dd1095aa210001079549,5bb60aa981e8a80001c2dc1b,1
5de9dd1095aa210001079549,5bb6226d81e8a80001c2dc2b,1
5de9dd1095aa210001079549,5bbe26e60635060001f6c8a7,1
5de9dd1095aa210001079549,5bc8b519345a5800013d74df,1
5de9dd1095aa210001079549,5bc8be895c968b00019b4739,1
5de9dd1095aa210001079549,5bc9b4395c968b00019b4743,1
5de9dd1095aa210001079549,5bcada39345a5800013d74f3,1
5de9dd1095aa210001079549,5c016d863da4070001e54d24,1
5de9dd1095aa210001079549,5c3b4eea33ea3b0001aae905,1
5de9dd1095aa210001079549,5c40a8ea33ea3b0001aaea5e,1
5de9dd1095aa210001079549,5c7661c46186de00012a08de,1
5de9dd1095aa210001079549,5c863702586020000148dda0,1
5de9dd1095aa210001079549,5cb578d01a05920001750436,1
5de9dd1095aa210001079549,5d15c66460d8c30001021c21,1
5de9dd1095aa210001079549,5d15f83e03594f0001c60189,1
5de9dd1095aa210001079549,5d2aaf1b3c1f8600013e5637,1
5de9dd1095aa210001079549,5d55870add42850001412290,1
5de9dd1095aa210001079549,5d5a606707d44600017cb286,1
5de9dd1095aa210001079549,5d5cf9aab764640001ada1bc,1
5de9dd1095aa210001079549,5d5d1fdcb764640001ada1c2,1
5de9dd1095aa210001079549,5d5fbc1e5e2b1800018491fb,1
5de9dd1095aa210001079549,5d5fd85fef3f4c0001d094d2,1
5de9dd1095aa210001079549,5d68e929ef3f4c0001d09515,1
5de9dd1095aa210001079549,5d6cf47677fc9f0001f4c6b9,1
5de9dd1095aa210001079549,5d6dff5177fc9f0001f4c6c9,1
5de9dd1095aa210001079549,5d6f44fdbe30f50001fe09d6,1
5de9dd1095aa210001079549,5d71c3aa77fc9f0001f4c6dd,1
5de9dd1095aa210001079549,5d82e40f02a7ab0001a45d6d,1
5de9dd1095aa210001079549,5d8488c1616e1f0001028571,1
5de9dd1095aa210001079549,5d935fed4d2f6c00014a3a35,1
5de9dd1095aa210001079549,5dd7e652d93ecc0001cbc953,1
5de9dd1095aa210001079549,5e5396508af7610001ef4be6,1
5de9dd1095aa210001079549,5e5398d1e98214000185d497,1
5de9dd1095aa210001079549,5e539b8e4a9c740001b0d835,1
5de9dd1095aa210001079549,5e6dd01ece57000001c7b7c0,1
5def57b9da336300018feafc,5c00af88770d4900011fcb01,1
5def57b9da336300018feafc,5c5d2ff2884c6300018d19fa,1
5def57b9da336300018feafc,5c8617db586020000148dd9f,1
5def57b9da336300018feafc,5d54293c60bce9000168b162,1
5def57b9da336300018feafc,5d594def60bce9000168b170,1
5df13527dbc26b0001c76eb1,5db8d611d6704000014c5324,1
5dfa1fdcda336300018febf8,5bb4396881e8a80001c2dbf5,1
5dfa1fdcda336300018febf8,5bb43abf81e8a80001c2dbf6,1
5dfa1fdcda336300018febf8,5bb4d2e281e8a80001c2dc03,1
5dfa1fdcda336300018febf8,5bb4d86581e8a80001c2dc05,1
5dfa1fdcda336300018febf8,5bb4dfa681e8a80001c2dc09,1
5dfa1fdcda336300018febf8,5bb4f50c81e8a80001c2dc15,1
5dfa1fdcda336300018febf8,5bb6234d81e8a80001c2dc2c,1
5dfa1fdcda336300018febf8,5bc873e45c968b00019b4731,1
5dfa1fdcda336300018febf8,5bc87fc45c968b00019b4732,1
5dfa1fdcda336300018febf8,5bc9879d5c968b00019b473d,1
5dfa1fdcda336300018febf8,5bcadea7345a5800013d74f4,1
5dfa1fdcda336300018febf8,5c00af88770d4900011fcb01,1
5dfa1fdcda336300018febf8,5c1e3df12157780001f84308,1
5dfa1fdcda336300018febf8,5c40a8ea33ea3b0001aaea5e,1
5dfa1fdcda336300018febf8,5c44675de393180001c2de89,1
5dfa1fdcda336300018febf8,5c94f5116186de00012a09c3,1
5dfa1fdcda336300018febf8,5ca06b77ca3b6900011cdee9,1
5dfa1fdcda336300018febf8,5ce937e103594f0001c60156,1
5dfa1fdcda336300018febf8,5d595004dd428500014122a5,1
5dfa1fdcda336300018febf8,5d59673a60bce9000168b175,1
5dfa1fdcda336300018febf8,5d5bce66ea2763000137d113,1
5dfa1fdcda336300018febf8,5d66578d2fea1f0001cbd1cb,1
5dfa1fdcda336300018febf8,5d6df82877fc9f0001f4c6c7,1
5dfa1fdcda336300018febf8,5d735aacbe30f50001fe09e7,1
5dfa1fdcda336300018febf8,5d82451002a7ab0001a45d66,1
5dfa1fdcda336300018febf8,5d8a3d292c5f4400018b7dfa,1
5dfa1fdcda336300018febf8,5d9577164d2f6c00014a3a4e,1
5dfa1fdcda336300018febf8,5da96557733fb70001f2a0ce,1
5dfa1fdcda336300018febf8,5dd931f228c8290001f29732,1
5dfa1fdcda336300018febf8,5e047b18da336300018fec46,1
5dfa1fdcda336300018febf8,5e38c2670ac29100013b4009,1
5dfa1fdcda336300018febf8,5e8c48d8fc89b80001398644,1
5dfa1fdcda336300018febf8,5c00af88770d4900011fcb01,2
5dfa1fdcda336300018febf8,5c44675de393180001c2de89,2
5dfa1fdcda336300018febf8,5d6df82877fc9f0001f4c6c7,2
5dfa1fdcda336300018febf8,5d9577164d2f6c00014a3a4e,2
5dfa1fdcda336300018febf8,5d6df82877fc9f0001f4c6c7,3
5dfa1fdcda336300018febf8,5bc9879d5c968b00019b473d,4
5dfa1fdcda336300018febf8,5c44675de393180001c2de89,4
5e04923e58bc1b00018befb3,5bb4cc1d81e8a80001c2dbff,1
5e04923e58bc1b00018befb3,5dba9e6dd129c70001c7ad5b,1
5e08cbcbdbc26b0001c76fb9,5c9a0124586020000148de5e,1
5e08cbcbdbc26b0001c76fb9,5e2c0350a1c1fc0001362643,1
5e1e0594c71f1800018104e5,5d71c3aa77fc9f0001f4c6dd,4
5e1f0c61efa882000137b404,5baa0a65ee129d0001df1a53,1
5e1f0c61efa882000137b404,5baf18c2730e9e0001237d76,1
5e1f0c61efa882000137b404,5bb0d818730e9e0001237d85,1
5e1f0c61efa882000137b404,5bb0dfe0730e9e0001237d86,1
5e1f0c61efa882000137b404,5bb0fabc730e9e0001237d8d,1
5e1f0c61efa882000137b404,5bb4328181e8a80001c2dbf0,1
5e1f0c61efa882000137b404,5bb4333f81e8a80001c2dbf1,1
5e1f0c61efa882000137b404,5bb43be781e8a80001c2dbf7,1
5e1f0c61efa882000137b404,5bb4b4c481e8a80001c2dbfc,1
5e1f0c61efa882000137b404,5bb4cc1d81e8a80001c2dbff,1
5e1f0c61efa882000137b404,5bb4d2e281e8a80001c2dc03,1
5e1f0c61efa882000137b404,5bb4f50c81e8a80001c2dc15,1
5e1f0c61efa882000137b404,5bb4f7c481e8a80001c2dc16,1
5e1f0c61efa882000137b404,5bb656e981e8a80001c2dc3d,1
5e1f0c61efa882000137b404,5bbb8c3e3463c20001bd7deb,1
5e1f0c61efa882000137b404,5bc8647a5c968b00019b472f,1
5e1f0c61efa882000137b404,5bcada39345a5800013d74f3,1
5e1f0c61efa882000137b404,5c5d2ff2884c6300018d19fa,1
5e1f0c61efa882000137b404,5c7b4edaa6a2cd0001754c9c,1
5e1f0c61efa882000137b404,5c8e18590ec5c8000195dc58,1
5e1f0c61efa882000137b404,5c9a0124586020000148de5e,1
5e1f0c61efa882000137b404,5d432f8016b7960001c615e4,1
5e1f0c61efa882000137b404,5d4c9c823c1f8600013e569e,1
5e1f0c61efa882000137b404,5d53f9d307d44600017cb264,1
5e1f0c61efa882000137b404,5d55870add42850001412290,1
5e1f0c61efa882000137b404,5d5a0b0260bce9000168b17b,1
5e1f0c61efa882000137b404,5d66578d2fea1f0001cbd1cb,1
5e1f0c61efa882000137b404,5d6a941472abfc00018c5618,1
5e1f0c61efa882000137b404,5d71c3aa77fc9f0001f4c6dd,1
5e1f0c61efa882000137b404,5d735aacbe30f50001fe09e7,1
5e1f0c61efa882000137b404,5d8488c1616e1f0001028571,1
5e1f0c61efa882000137b404,5d9577164d2f6c00014a3a4e,1
5e1f0c61efa882000137b404,5d958d51b5b3230001cb7d58,1
5e1f0c61efa882000137b404,5da96557733fb70001f2a0ce,1
5e1f0c61efa882000137b404,5dc18888fb8ee00001d6731d,1
5e1f0c61efa882000137b404,5dd931f228c8290001f29732,1
5e1f0c61efa882000137b404,5e2c0350a1c1fc0001362643,1
5e1f0c61efa882000137b404,5e2c3052046899000179a915,1
5e1f0c61efa882000137b404,5e48ecfc46579600016d0c65,1
5e1f0c61efa882000137b404,5e8c48d8fc89b80001398644,1
5e1f0c61efa882000137b404,5e9358522816ec0001f628aa,1
5e1f0c61efa882000137b404,5d735aacbe30f50001fe09e7,2
5e22bb2f8e6b0700018e33d3,5bb4f7c481e8a80001c2dc16,1
5e22bb2f8e6b0700018e33d3,5bc8be895c968b00019b4739,1
5e22bb2f8e6b0700018e33d3,5bcaf9eb5c968b00019b4751,1
5e22bb2f8e6b0700018e33d3,5c0120783da4070001e54d20,1
5e22bb2f8e6b0700018e33d3,5c1e1791d62cab0001b68557,1
5e22bb2f8e6b0700018e33d3,5c3b5dbf33ea3b0001aae907,1
5e2ac3f00e2616000172cdc5,5baf2933730e9e0001237d79,1
5e2ac3f00e2616000172cdc5,5bb10f8e730e9e0001237d9b,1
5e2ac3f00e2616000172cdc5,5bb6277b81e8a80001c2dc2e,1
5e2ac3f00e2616000172cdc5,5c1381bb795f7300010893b3,1
5e2ac3f00e2616000172cdc5,5c47dddd86251f0001e86fdc,1
5e2ac3f00e2616000172cdc5,5c5d2ff2884c6300018d19fa,1
5e2ac3f00e2616000172cdc5,5c849b65586020000148dd8e,1
5e2ac3f00e2616000172cdc5,5ce4be0303594f0001c6014b,1
5e2ac3f00e2616000172cdc5,5d595004dd428500014122a5,1
5e2ac3f00e2616000172cdc5,5d5a038f07d44600017cb27c,1
5e2ac3f00e2616000172cdc5,5d5aac8407d44600017cb28c,1
5e2ac3f00e2616000172cdc5,5dd7e652d93ecc0001cbc953,1
5e2ac3f00e2616000172cdc5,5e5d7535b175900001aa70bd,1
5e2ac3f00e2616000172cdc5,5d595004dd428500014122a5,3
5e2c3667046899000179a919,5e4d08e9b2e86f0001ba20f1,1
5e337a0bad9bd200019b4b7a,5baa0423ee129d0001df1a51,1
5e337a0bad9bd200019b4b7a,5bb0fbb8730e9e0001237d8e,1
5e337a0bad9bd200019b4b7a,5bb2d65a81e8a80001c2dbe7,1
5e337a0bad9bd200019b4b7a,5bb4ca6381e8a80001c2dbfe,1
5e337a0bad9bd200019b4b7a,5bb4d2e281e8a80001c2dc03,1
5e337a0bad9bd200019b4b7a,5bb4f50c81e8a80001c2dc15,1
5e337a0bad9bd200019b4b7a,5c4d2e50884c6300018d19b2,1
5e337a0bad9bd200019b4b7a,5c5d2ff2884c6300018d19fa,1
5e337a0bad9bd200019b4b7a,5c8352b0a6a2cd0001754cca,1
5e337a0bad9bd200019b4b7a,5ca06b77ca3b6900011cdee9,1
5e337a0bad9bd200019b4b7a,5cd50e0dcb680e0001969eca,1
5e337a0bad9bd200019b4b7a,5d15de3d98f00d000136ebbe,1
5e337a0bad9bd200019b4b7a,5d4338493c1f8600013e568d,1
5e337a0bad9bd200019b4b7a,5d4a8ff016b7960001c615fe,1
5e337a0bad9bd200019b4b7a,5d4c9c823c1f8600013e569e,1
5e337a0bad9bd200019b4b7a,5d53f9d307d44600017cb264,1
5e337a0bad9bd200019b4b7a,5d557d8bdd42850001412289,1
5e337a0bad9bd200019b4b7a,5d595c9560bce9000168b172,1
5e337a0bad9bd200019b4b7a,5d5a0b0260bce9000168b17b,1
5e337a0bad9bd200019b4b7a,5d5d1fdcb764640001ada1c2,1
5e337a0bad9bd200019b4b7a,5d5fea5cef3f4c0001d094d4,1
5e337a0bad9bd200019b4b7a,5d628b432fea1f0001cbd1b7,1
5e337a0bad9bd200019b4b7a,5d669d7372abfc00018c55f3,1
5e337a0bad9bd200019b4b7a,5d67c111ef3f4c0001d0950b,1
5e337a0bad9bd200019b4b7a,5d6df82877fc9f0001f4c6c7,1
5e337a0bad9bd200019b4b7a,5d735aacbe30f50001fe09e7,1
5e337a0bad9bd200019b4b7a,5d9577164d2f6c00014a3a4e,1
5e337a0bad9bd200019b4b7a,5d958d51b5b3230001cb7d58,1
5e337a0bad9bd200019b4b7a,5d9721301c94b000014ef241,1
5e337a0bad9bd200019b4b7a,5da96a2e1c94b000014ef2cf,1
5e337a0bad9bd200019b4b7a,5dba9e6dd129c70001c7ad5b,1
5e337a0bad9bd200019b4b7a,5dcd3eb382874000014a1eac,1
5e337a0bad9bd200019b4b7a,5dd931f228c8290001f29732,1
5e337a0bad9bd200019b4b7a,5e047b18da336300018fec46,1
5e337a0bad9bd200019b4b7a,5e2c3052046899000179a915,1
5e337a0bad9bd200019b4b7a,5e5e32c44ce4770001610214,1
5e337a0bad9bd200019b4b7a,5e6340d5856125000194d34c,1
5e337a0bad9bd200019b4b7a,5e6dd01ece57000001c7b7c0,1
5e337a0bad9bd200019b4b7a,5e9358522816ec0001f628aa,1
5e337a0bad9bd200019b4b7a,5c4d2e50884c6300018d19b2,2
5e337a0bad9bd200019b4b7a,5c8352b0a6a2cd0001754cca,2
5e337a0bad9bd200019b4b7a,5ca06b77ca3b6900011cdee9,2
5e337a0bad9bd200019b4b7a,5d67c111ef3f4c0001d0950b,2
5e337a0bad9bd200019b4b7a,5dba9e6dd129c70001c7ad5b,2
5e337a0bad9bd200019b4b7a,5dcd3eb382874000014a1eac,2
5e337a0bad9bd200019b4b7a,5e6dd01ece57000001c7b7c0,2
5e3ab77aff26430001b25a02,5bb4328181e8a80001c2dbf0,1
5e3ab77aff26430001b25a02,5bb4396881e8a80001c2dbf5,1
5e3ab77aff26430001b25a02,5bb43be781e8a80001c2dbf7,1
5e3ab77aff26430001b25a02,5bb4cc1d81e8a80001c2dbff,1
5e3ab77aff26430001b25a02,5bb4f50c81e8a80001c2dc15,1
5e3ab77aff26430001b25a02,5bb60aa981e8a80001c2dc1b,1
5e3ab77aff26430001b25a02,5bc9879d5c968b00019b473d,1
5e3ab77aff26430001b25a02,5bc9b4395c968b00019b4743,1
5e3ab77aff26430001b25a02,5bcada39345a5800013d74f3,1
5e3ab77aff26430001b25a02,5bcc2f6c5c968b00019b4753,1
5e3ab77aff26430001b25a02,5c8617db586020000148dd9f,1
5e3ab77aff26430001b25a02,5c863702586020000148dda0,1
5e3ab77aff26430001b25a02,5c94f5116186de00012a09c3,1
5e3ab77aff26430001b25a02,5d5bce66ea2763000137d113,1
5e3ab77aff26430001b25a02,5d9d9f981c94b000014ef271,1
5e3ab77aff26430001b25a02,5da96557733fb70001f2a0ce,1
5e3ab77aff26430001b25a02,5dba9b3d83e4170001ed81f4,1
5e3ab77aff26430001b25a02,5de16d7a28c8290001f297bb,1
5e3ab77aff26430001b25a02,5e6340d5856125000194d34c,1
5e3ab77aff26430001b25a02,5c94f5116186de00012a09c3,3
5e3ab77aff26430001b25a02,5dba9b3d83e4170001ed81f4,3
5e3ab77aff26430001b25a02,5bcada39345a5800013d74f3,4
5e3cb77dcef9d10001a00180,5c94f5116186de00012a09c3,1
5e3cb77dcef9d10001a00180,5d59673a60bce9000168b175,1
5e46152b7a3a740001598fab,5bdd1a1d4b35f70001e26a13,1
5e46152b7a3a740001598fab,5db8d611d6704000014c5324,1
5e4bdeb9b2e86f0001ba20dd,5baa0423ee129d0001df1a51,1
5e4bdeb9b2e86f0001ba20dd,5bb10e90730e9e0001237d9a,1
5e4bdeb9b2e86f0001ba20dd,5bb190d281e8a80001c2dbe1,1
5e4bdeb9b2e86f0001ba20dd,5bb4328181e8a80001c2dbf0,1
5e4bdeb9b2e86f0001ba20dd,5bc8be895c968b00019b4739,1
5e4bdeb9b2e86f0001ba20dd,5bc91ef5345a5800013d74e2,1
5e4bdeb9b2e86f0001ba20dd,5bc9879d5c968b00019b473d,1
5e4bdeb9b2e86f0001ba20dd,5c016d863da4070001e54d24,1
5e4bdeb9b2e86f0001ba20dd,5c1e1791d62cab0001b68557,1
5e4bdeb9b2e86f0001ba20dd,5c721b1a0ec5c8000195db9a,1
5e4bdeb9b2e86f0001ba20dd,5ce4be0303594f0001c6014b,1
5e4bdeb9b2e86f0001ba20dd,5d2342b160d8c30001021c38,1
5e4bdeb9b2e86f0001ba20dd,5d5d00c25bed820001968f36,1
5e4bdeb9b2e86f0001ba20dd,5d62906e2fea1f0001cbd1ba,1
5e4bdeb9b2e86f0001ba20dd,5d6cf47677fc9f0001f4c6b9,1
5e4bdeb9b2e86f0001ba20dd,5db7ec41d6704000014c5316,1
5e4e1719a96da00001622fda,5bb0d818730e9e0001237d85,1
5e4e1719a96da00001622fda,5bb0f85f730e9e0001237d8b,1
5e4e1719a96da00001622fda,5bb0ffba730e9e0001237d91,1
5e4e1719a96da00001622fda,5bb10e90730e9e0001237d9a,1
5e4e1719a96da00001622fda,5bb10f8e730e9e0001237d9b,1
5e4e1719a96da00001622fda,5bb110f5730e9e0001237d9c,1
5e4e1719a96da00001622fda,5bc0da8c51efd70001ea74d1,1
5e4e1719a96da00001622fda,5bc8be895c968b00019b4739,1
5e4e1719a96da00001622fda,5bc91ef5345a5800013d74e2,1
5e4e1719a96da00001622fda,5bdd1a1d4b35f70001e26a13,1
5e4e1719a96da00001622fda,5c7661c46186de00012a08de,1
5e4e1719a96da00001622fda,5c84e67a586020000148dd92,1
5e4e1719a96da00001622fda,5c9c5f95a6a2cd0001754d98,1
5e4e1719a96da00001622fda,5ca080adfa77a200016c21e5,1
5e4e1719a96da00001622fda,5cb478f11a05920001750435,1
5e4e1719a96da00001622fda,5d2342b160d8c30001021c38,1
5e4e1719a96da00001622fda,5d59524e07d44600017cb277,1
5e4e1719a96da00001622fda,5d5cf9aab764640001ada1bc,1
5e4e1719a96da00001622fda,5e3fd7e19c1f290001ebcbf2,1
5e4e1719a96da00001622fda,5e48ecfc46579600016d0c65,1
5e4e1719a96da00001622fda,5bc858c65c968b00019b472d,1
5e4e1719a96da00001622fda,5bf9c8b053e7d00001dc468d,1
5e4e1719a96da00001622fda,5d6a941472abfc00018c5618,1
5e4e1719a96da00001622fda,5bc8be895c968b00019b4739,3
5e4e1719a96da00001622fda,5d2342b160d8c30001021c38,4
5e4e1719a96da00001622fda,5e48ecfc46579600016d0c65,4
5e4e1719a96da00001622fda,5bb10f8e730e9e0001237d9b,4
5e50ba244a9c740001b0d7ee,5c5d2ff2884c6300018d19fa,1
5e5488b3f947300001d3d7be,5ba9fbf1ee129d0001df1a4e,1
5e5488b3f947300001d3d7be,5baf2933730e9e0001237d79,1
5e5488b3f947300001d3d7be,5baf2ca5730e9e0001237d7b,1
5e5488b3f947300001d3d7be,5bb0ffba730e9e0001237d91,1
5e5488b3f947300001d3d7be,5bb10e90730e9e0001237d9a,1
5e5488b3f947300001d3d7be,5bb110f5730e9e0001237d9c,1
5e5488b3f947300001d3d7be,5bb4db8e81e8a80001c2dc06,1
5e5488b3f947300001d3d7be,5bc91ef5345a5800013d74e2,1
5e5488b3f947300001d3d7be,5cee28f211ec0a0001765d20,1
5e5488b3f947300001d3d7be,5d2342b160d8c30001021c38,1
5e5488b3f947300001d3d7be,5d5d00c25bed820001968f36,1
5e5488b3f947300001d3d7be,5ea5295b34737e00019a35c0,1
5e5488b3f947300001d3d7be,5ba9fbf1ee129d0001df1a4e,2
5e5488b3f947300001d3d7be,5baf2933730e9e0001237d79,2
5e5488b3f947300001d3d7be,5bb0f77b730e9e0001237d8a,2
5e5488b3f947300001d3d7be,5bb0fcaa730e9e0001237d8f,2
5e5488b3f947300001d3d7be,5bb0ffba730e9e0001237d91,2
5e5488b3f947300001d3d7be,5bb10512730e9e0001237d95,2
5e5488b3f947300001d3d7be,5bb1094a730e9e0001237d97,2
5e5488b3f947300001d3d7be,5bb10a56730e9e0001237d98,2
5e5488b3f947300001d3d7be,5bb10e90730e9e0001237d9a,2
5e5488b3f947300001d3d7be,5bb110f5730e9e0001237d9c,2
5e5488b3f947300001d3d7be,5bb111a4730e9e0001237d9d,2
5e5488b3f947300001d3d7be,5bb190d281e8a80001c2dbe1,2
5e5488b3f947300001d3d7be,5bb4364781e8a80001c2dbf4,2
5e5488b3f947300001d3d7be,5bc891db345a5800013d74dc,2
5e5488b3f947300001d3d7be,5bc8b519345a5800013d74df,2
5e5488b3f947300001d3d7be,5bc8be895c968b00019b4739,2
5e5488b3f947300001d3d7be,5bc91ef5345a5800013d74e2,2
5e5488b3f947300001d3d7be,5bc985b6345a5800013d74e6,2
5e5488b3f947300001d3d7be,5bc9a8ea345a5800013d74e9,2
5e5488b3f947300001d3d7be,5bca7f415c968b00019b4749,2
5e5488b3f947300001d3d7be,5bcaf9eb5c968b00019b4751,2
5e5488b3f947300001d3d7be,5bef8a5a44dcca0001d72cfc,2
5e5488b3f947300001d3d7be,5c016d863da4070001e54d24,2
5e5488b3f947300001d3d7be,5c1e1791d62cab0001b68557,2
5e5488b3f947300001d3d7be,5c3b5dbf33ea3b0001aae907,2
5e5488b3f947300001d3d7be,5c834f8f0ec5c8000195dc04,2
5e5488b3f947300001d3d7be,5c863702586020000148dda0,2
5e5488b3f947300001d3d7be,5cb478f11a05920001750435,2
5e5488b3f947300001d3d7be,5cee28f211ec0a0001765d20,2
5e5488b3f947300001d3d7be,5ceea68c98f00d000136eb9d,2
5e5488b3f947300001d3d7be,5d2342b160d8c30001021c38,2
5e5488b3f947300001d3d7be,5d2aaf1b3c1f8600013e5637,2
5e5488b3f947300001d3d7be,5d4278543c1f8600013e5684,2
5e5488b3f947300001d3d7be,5d59375fdd428500014122a0,2
5e5488b3f947300001d3d7be,5d59524e07d44600017cb277,2
5e5488b3f947300001d3d7be,5d5d00c25bed820001968f36,2
5e5488b3f947300001d3d7be,5bb0ffba730e9e0001237d91,4
5e5488b3f947300001d3d7be,5bb10e90730e9e0001237d9a,4
5e5b6ef7b175900001aa709d,5bb0f9e0730e9e0001237d8c,1
5e5b6ef7b175900001aa709d,5bb6557581e8a80001c2dc3b,1
5e5b6ef7b175900001aa709d,5bd7ccdc75c0ab0001d9e6df,1
5e5b6ef7b175900001aa709d,5c0120783da4070001e54d20,1
5e5b6ef7b175900001aa709d,5c35f661a1ab250001db5c26,1
5e5b6ef7b175900001aa709d,5c7abddc6186de00012a08f4,1
5e5b6ef7b175900001aa709d,5cc954dccb680e0001969e96,1
5e5b6ef7b175900001aa709d,5d54293c60bce9000168b162,1
5e5b6ef7b175900001aa709d,5d708128be30f50001fe09dd,1
5e5b6ef7b175900001aa709d,5d78755a2c5f4400018b7dba,1
5e5b6ef7b175900001aa709d,5df9e6cf58bc1b00018bef5e,1
5e5b6ef7b175900001aa709d,5e524f934a9c740001b0d81e,1
5e5b6ef7b175900001aa709d,5e5d738db175900001aa70bb,1
5e5c89adb175900001aa70a8,5e48ecfc46579600016d0c65,3
5e5c89adb175900001aa70a8,5e48ecfc46579600016d0c65,4
5e638b96ce57000001c7b73c,5bf9c8b053e7d00001dc468d,1
5e79775d856125000194d46e,5baa0423ee129d0001df1a51,1
5e79775d856125000194d46e,5baf18c2730e9e0001237d76,1
5e79775d856125000194d46e,5baf2933730e9e0001237d79,1
5e79775d856125000194d46e,5bb0fcaa730e9e0001237d8f,1
5e79775d856125000194d46e,5bb10094730e9e0001237d92,1
5e79775d856125000194d46e,5bb10e90730e9e0001237d9a,1
5e79775d856125000194d46e,5bb2d50081e8a80001c2dbe6,1
5e79775d856125000194d46e,5bb2d65a81e8a80001c2dbe7,1
5e79775d856125000194d46e,5bb4328181e8a80001c2dbf0,1
5e79775d856125000194d46e,5bb4364781e8a80001c2dbf4,1
5e79775d856125000194d46e,5bb43be781e8a80001c2dbf7,1
5e79775d856125000194d46e,5bb43dc381e8a80001c2dbf8,1
5e79775d856125000194d46e,5bb4b4c481e8a80001c2dbfc,1
5e79775d856125000194d46e,5bb4cc1d81e8a80001c2dbff,1
5e79775d856125000194d46e,5bb4d2e281e8a80001c2dc03,1
5e79775d856125000194d46e,5bb4d86581e8a80001c2dc05,1
5e79775d856125000194d46e,5bb4db8e81e8a80001c2dc06,1
5e79775d856125000194d46e,5bb4eba381e8a80001c2dc0e,1
5e79775d856125000194d46e,5bb4ed1381e8a80001c2dc0f,1
5e79775d856125000194d46e,5bb6226d81e8a80001c2dc2b,1
5e79775d856125000194d46e,5bbe26e60635060001f6c8a7,1
5e79775d856125000194d46e,5bc6aeb45c968b00019b472a,1
5e79775d856125000194d46e,5bc85d9c5c968b00019b472e,1
5e79775d856125000194d46e,5bc91ef5345a5800013d74e2,1
5e79775d856125000194d46e,5bc986a15c968b00019b473c,1
5e79775d856125000194d46e,5bc9879d5c968b00019b473d,1
5e79775d856125000194d46e,5bc9ab545c968b00019b4742,1
5e79775d856125000194d46e,5be3b76b4b35f70001e26a1c,1
5e79775d856125000194d46e,5c0d10cd857476000148a3b5,1
5e79775d856125000194d46e,5c1e355d2157780001f84305,1
5e79775d856125000194d46e,5c1e3df12157780001f84308,1
5e79775d856125000194d46e,5c3ab78433ea3b0001aae8e3,1
5e79775d856125000194d46e,5c47dddd86251f0001e86fdc,1
5e79775d856125000194d46e,5c52c8a6bd9f3800016a80c4,1
5e79775d856125000194d46e,5c5d2ff2884c6300018d19fa,1
5e79775d856125000194d46e,5c88d0760ec5c8000195dc35,1
5e79775d856125000194d46e,5c9a0124586020000148de5e,1
5e79775d856125000194d46e,5ca4c960b6b36d0001f68d6c,1
5e79775d856125000194d46e,5cab22ccccd4eb00015976b8,1
5e79775d856125000194d46e,5cb7fd911a05920001750439,1
5e79775d856125000194d46e,5cb96f30f0d339000139ef8f,1
5e79775d856125000194d46e,5cd3cd562dc05a0001201e19,1
5e79775d856125000194d46e,5d595004dd428500014122a5,1
5e79775d856125000194d46e,5d5a0b0260bce9000168b17b,1
5e79775d856125000194d46e,5d5fd85fef3f4c0001d094d2,1
5e79775d856125000194d46e,5d67832eef3f4c0001d09505,1
5e79775d856125000194d46e,5d6dff5177fc9f0001f4c6c9,1
5e79775d856125000194d46e,5d9577164d2f6c00014a3a4e,1
5e79775d856125000194d46e,5d9c25131c94b000014ef269,1
5e79775d856125000194d46e,5db8d611d6704000014c5324,1
5e79775d856125000194d46e,5dc18888fb8ee00001d6731d,1
5e79775d856125000194d46e,5e1dd342c71f1800018104de,1
5e79775d856125000194d46e,5bb4cc1d81e8a80001c2dbff,2
5e79775d856125000194d46e,5bb4db8e81e8a80001c2dc06,2
5e79775d856125000194d46e,5bc85d9c5c968b00019b472e,2
5e79775d856125000194d46e,5bc986a15c968b00019b473c,2
5e79775d856125000194d46e,5bc9879d5c968b00019b473d,2
5e79775d856125000194d46e,5bb4cc1d81e8a80001c2dbff,4
5e79775d856125000194d46e,5bc91ef5345a5800013d74e2,4
5e79775d856125000194d46e,5c1e355d2157780001f84305,4
5e7caee3d709c40001944da4,5ba9fbf1ee129d0001df1a4e,1
5e7caee3d709c40001944da4,5ba9ff1aee129d0001df1a4f,1
5e7caee3d709c40001944da4,5baa01f5ee129d0001df1a50,1
5e7caee3d709c40001944da4,5baa0423ee129d0001df1a51,1
5e7caee3d709c40001944da4,5baa0bd8ee129d0001df1a54,1
5e7caee3d709c40001944da4,5baf2933730e9e0001237d79,1
5e7caee3d709c40001944da4,5baf2ca5730e9e0001237d7b,1
5e7caee3d709c40001944da4,5bb0f77b730e9e0001237d8a,1
5e7caee3d709c40001944da4,5bb0f85f730e9e0001237d8b,1
5e7caee3d709c40001944da4,5bb0f9e0730e9e0001237d8c,1
5e7caee3d709c40001944da4,5bb0fbb8730e9e0001237d8e,1
5e7caee3d709c40001944da4,5bb0fcaa730e9e0001237d8f,1
5e7caee3d709c40001944da4,5bb0ffba730e9e0001237d91,1
5e7caee3d709c40001944da4,5bb10094730e9e0001237d92,1
5e7caee3d709c40001944da4,5bb10512730e9e0001237d95,1
5e7caee3d709c40001944da4,5bb1086f730e9e0001237d96,1
5e7caee3d709c40001944da4,5bb1094a730e9e0001237d97,1
5e7caee3d709c40001944da4,5bb10e90730e9e0001237d9a,1
5e7caee3d709c40001944da4,5bb10f8e730e9e0001237d9b,1
5e7caee3d709c40001944da4,5bb110f5730e9e0001237d9c,1
5e7caee3d709c40001944da4,5bb111a4730e9e0001237d9d,1
5e7caee3d709c40001944da4,5bb190d281e8a80001c2dbe1,1
5e7caee3d709c40001944da4,5bb197a481e8a80001c2dbe2,1
5e7caee3d709c40001944da4,5bb2d15281e8a80001c2dbe5,1
5e7caee3d709c40001944da4,5bb4314c81e8a80001c2dbef,1
5e7caee3d709c40001944da4,5bb4328181e8a80001c2dbf0,1
5e7caee3d709c40001944da4,5bb4333f81e8a80001c2dbf1,1
5e7caee3d709c40001944da4,5bb4396881e8a80001c2dbf5,1
5e7caee3d709c40001944da4,5bb43abf81e8a80001c2dbf6,1
5e7caee3d709c40001944da4,5bb43be781e8a80001c2dbf7,1
5e7caee3d709c40001944da4,5bb4b4c481e8a80001c2dbfc,1
5e7caee3d709c40001944da4,5bb4ee4e81e8a80001c2dc10,1
5e7caee3d709c40001944da4,5bb59be781e8a80001c2dc19,1
5e7caee3d709c40001944da4,5bb6226d81e8a80001c2dc2b,1
5e7caee3d709c40001944da4,5bb6277b81e8a80001c2dc2e,1
5e7caee3d709c40001944da4,5bb64ba781e8a80001c2dc33,1
5e7caee3d709c40001944da4,5bb64cec81e8a80001c2dc34,1
5e7caee3d709c40001944da4,5bc891db345a5800013d74dc,1
5e7caee3d709c40001944da4,5bc8abb0345a5800013d74de,1
5e7caee3d709c40001944da4,5bc8b519345a5800013d74df,1
5e7caee3d709c40001944da4,5bc8be895c968b00019b4739,1
5e7caee3d709c40001944da4,5bc8bfae345a5800013d74e1,1
5e7caee3d709c40001944da4,5bc91ef5345a5800013d74e2,1
5e7caee3d709c40001944da4,5bc985b6345a5800013d74e6,1
5e7caee3d709c40001944da4,5bc9a8ea345a5800013d74e9,1
5e7caee3d709c40001944da4,5bc9ab545c968b00019b4742,1
5e7caee3d709c40001944da4,5bc9b4395c968b00019b4743,1
5e7caee3d709c40001944da4,5bca7f415c968b00019b4749,1
5e7caee3d709c40001944da4,5bcada39345a5800013d74f3,1
5e7caee3d709c40001944da4,5bcaf9eb5c968b00019b4751,1
5e7caee3d709c40001944da4,5bcc0d725c968b00019b4752,1
5e7caee3d709c40001944da4,5bcc2f6c5c968b00019b4753,1
5e7caee3d709c40001944da4,5be3c5344b35f70001e26a1d,1
5e7caee3d709c40001944da4,5c016d863da4070001e54d24,1
5e7caee3d709c40001944da4,5c1e1791d62cab0001b68557,1
5e7caee3d709c40001944da4,5c3b5dbf33ea3b0001aae907,1
5e7caee3d709c40001944da4,5c457fd4e393180001c2deb1,1
5e7caee3d709c40001944da4,5c6147c4bd9f3800016a829c,1
5e7caee3d709c40001944da4,5c735de6586020000148dd28,1
5e7caee3d709c40001944da4,5c7661c46186de00012a08de,1
5e7caee3d709c40001944da4,5c8348faa6a2cd0001754cc9,1
5e7caee3d709c40001944da4,5c834b9a6186de00012a0933,1
5e7caee3d709c40001944da4,5c834f8f0ec5c8000195dc04,1
5e7caee3d709c40001944da4,5c84e67a586020000148dd92,1
5e7caee3d709c40001944da4,5c8617db586020000148dd9f,1
5e7caee3d709c40001944da4,5c863702586020000148dda0,1
5e7caee3d709c40001944da4,5c94f5116186de00012a09c3,1
5e7caee3d709c40001944da4,5c9c5f95a6a2cd0001754d98,1
5e7caee3d709c40001944da4,5cb43e50f0d339000139ef87,1
5e7caee3d709c40001944da4,5cb478f11a05920001750435,1
5e7caee3d709c40001944da4,5cd52580cb680e0001969ecb,1
5e7caee3d709c40001944da4,5ce937e103594f0001c60156,1
5e7caee3d709c40001944da4,5cee28f211ec0a0001765d20,1
5e7caee3d709c40001944da4,5ceea68c98f00d000136eb9d,1
5e7caee3d709c40001944da4,5d2aaf1b3c1f8600013e5637,1
5e7caee3d709c40001944da4,5d43237f16b7960001c615e3,1
5e7caee3d709c40001944da4,5d650ffd72abfc00018c55f1,1
5e7caee3d709c40001944da4,5d6deafb77fc9f0001f4c6c4,1
5e7caee3d709c40001944da4,5e48ecfc46579600016d0c65,1
5e7caee3d709c40001944da4,5ba9fbf1ee129d0001df1a4e,2
5e7caee3d709c40001944da4,5baa0423ee129d0001df1a51,2
5e7caee3d709c40001944da4,5baa0bd8ee129d0001df1a54,2
5e7caee3d709c40001944da4,5baf2933730e9e0001237d79,2
5e7caee3d709c40001944da4,5bb2d15281e8a80001c2dbe5,2
5e7caee3d709c40001944da4,5bb4314c81e8a80001c2dbef,2
5e7caee3d709c40001944da4,5bb4396881e8a80001c2dbf5,2
5e7caee3d709c40001944da4,5bb43abf81e8a80001c2dbf6,2
5e7caee3d709c40001944da4,5bb43be781e8a80001c2dbf7,2
5e7caee3d709c40001944da4,5bb4ee4e81e8a80001c2dc10,2
5e7caee3d709c40001944da4,5bb64ba781e8a80001c2dc33,2
5e7caee3d709c40001944da4,5bc8bfae345a5800013d74e1,2
5e7caee3d709c40001944da4,5bc91ef5345a5800013d74e2,2
5e7caee3d709c40001944da4,5bc985b6345a5800013d74e6,2
5e7caee3d709c40001944da4,5bcada39345a5800013d74f3,2
5e7caee3d709c40001944da4,5bcaf9eb5c968b00019b4751,2
5e7caee3d709c40001944da4,5bcc0d725c968b00019b4752,2
5e7caee3d709c40001944da4,5be3c5344b35f70001e26a1d,2
5e7caee3d709c40001944da4,5c016d863da4070001e54d24,2
5e7caee3d709c40001944da4,5c1e1791d62cab0001b68557,2
5e7caee3d709c40001944da4,5c3b5dbf33ea3b0001aae907,2
5e7caee3d709c40001944da4,5c6147c4bd9f3800016a829c,2
5e7caee3d709c40001944da4,5c735de6586020000148dd28,2
5e7caee3d709c40001944da4,5c8348faa6a2cd0001754cc9,2
5e7caee3d709c40001944da4,5c834b9a6186de00012a0933,2
5e7caee3d709c40001944da4,5c84e67a586020000148dd92,2
5e7caee3d709c40001944da4,5c8617db586020000148dd9f,2
5e7caee3d709c40001944da4,5c863702586020000148dda0,2
5e7caee3d709c40001944da4,5c94f5116186de00012a09c3,2
5e7caee3d709c40001944da4,5cb478f11a05920001750435,2
5e7caee3d709c40001944da4,5ce937e103594f0001c60156,2
5e7caee3d709c40001944da4,5d43237f16b7960001c615e3,2
5e7caee3d709c40001944da4,5d650ffd72abfc00018c55f1,2
5e7caee3d709c40001944da4,5d650ffd72abfc00018c55f1,4
5e83b092c9e5900001f5b27c,5bef8a5a44dcca0001d72cfc,1
5e83b092c9e5900001f5b27c,5bef8a5a44dcca0001d72cfc,4
5e943d5e6e24a5000172d2e9,5d5ead025e2b1800018491f7,1
5e943d5e6e24a5000172d2e9,5d93309b032c820001389988,1
5e943d5e6e24a5000172d2e9,5da96557733fb70001f2a0ce,1
5e943d5e6e24a5000172d2e9,5e3a8b7fa005c400019a0706,1
5e943d5e6e24a5000172d2e9,5bb0dfe0730e9e0001237d86,1
5e943d5e6e24a5000172d2e9,5bb0fbb8730e9e0001237d8e,1
5e943d5e6e24a5000172d2e9,5bb10f8e730e9e0001237d9b,1
5e943d5e6e24a5000172d2e9,5bb110f5730e9e0001237d9c,1
5e943d5e6e24a5000172d2e9,5bb4b4c481e8a80001c2dbfc,1
5e943d5e6e24a5000172d2e9,5bb5a5de81e8a80001c2dc1a,1
5e943d5e6e24a5000172d2e9,5bbe343e0635060001f6c8a9,1
5e943d5e6e24a5000172d2e9,5bc8b519345a5800013d74df,1
5e943d5e6e24a5000172d2e9,5bc9e44a345a5800013d74ee,1
5e943d5e6e24a5000172d2e9,5bca7f415c968b00019b4749,1
5e943d5e6e24a5000172d2e9,5c3b5dbf33ea3b0001aae907,1
5e943d5e6e24a5000172d2e9,5cb578d01a05920001750436,1
5e943d5e6e24a5000172d2e9,5ce937e103594f0001c60156,1
5e943d5e6e24a5000172d2e9,5d4278543c1f8600013e5684,1
5e943d5e6e24a5000172d2e9,5d4329b13c1f8600013e568b,1
5e943d5e6e24a5000172d2e9,5d66507def3f4c0001d09501,1
5e943d5e6e24a5000172d2e9,5d67950372abfc00018c55fa,1
5e943d5e6e24a5000172d2e9,5e6340d5856125000194d34c,1
5e943d5e6e24a5000172d2e9,5bb190d281e8a80001c2dbe1,1
5e943d5e6e24a5000172d2e9,5d71c3aa77fc9f0001f4c6dd,1
5e943d5e6e24a5000172d2e9,5bb0c596730e9e0001237d7f,1
5e943d5e6e24a5000172d2e9,5bb0ce96730e9e0001237d83,1
5e943d5e6e24a5000172d2e9,5bc953665c968b00019b473a,1
5e943d5e6e24a5000172d2e9,5d5bce66ea2763000137d113,1
5e943d5e6e24a5000172d2e9,5da96557733fb70001f2a0ce,2
5e943d5e6e24a5000172d2e9,5e3a8b7fa005c400019a0706,2
5e943d5e6e24a5000172d2e9,5bb110f5730e9e0001237d9c,2
5e98320659fa4f000165e4dd,5bb0fcaa730e9e0001237d8f,4
5e9a6ea04687570001fcadb4,5d595004dd428500014122a5,1
5e9a6ea04687570001fcadb4,5d595004dd428500014122a5,3
5e9a6ea04687570001fcadb4,5d595004dd428500014122a5,4
5e9d5f2f59fa4f000165e4f4,5bb4cc1d81e8a80001c2dbff,1
5e9d5f2f59fa4f000165e4f4,5bb4d86581e8a80001c2dc05,1
5e9d5f2f59fa4f000165e4f4,5bb4db8e81e8a80001c2dc06,1
5e9d5f2f59fa4f000165e4f4,5bc0d97951efd70001ea74d0,1
5e9d5f2f59fa4f000165e4f4,5bcadea7345a5800013d74f4,1
5e9d5f2f59fa4f000165e4f4,5bfece71770d4900011fcaf4,1
5e9d5f2f59fa4f000165e4f4,5d9577164d2f6c00014a3a4e,1
5e9d5f2f59fa4f000165e4f4,5bb4eba381e8a80001c2dc0e,1
5e9d5f2f59fa4f000165e4f4,5bb6234d81e8a80001c2dc2c,1
5e9d5f2f59fa4f000165e4f4,5bc6aeb45c968b00019b472a,1
5e9d5f2f59fa4f000165e4f4,5bc9879d5c968b00019b473d,1
5e9d5f2f59fa4f000165e4f4,5c1e3df12157780001f84308,1
5e9d5f2f59fa4f000165e4f4,5c3f058433ea3b0001aae9fd,1
5e9d5f2f59fa4f000165e4f4,5c44675de393180001c2de89,1
5e9d5f2f59fa4f000165e4f4,5d5a0b0260bce9000168b17b,1
5e9d5f2f59fa4f000165e4f4,5d612289ef3f4c0001d094df,1
5e9d5f2f59fa4f000165e4f4,5d6209abef3f4c0001d094e4,1
5e9d5f2f59fa4f000165e4f4,5dba9b3d83e4170001ed81f4,1
5e9d5f2f59fa4f000165e4f4,5bb4cc1d81e8a80001c2dbff,4
5e9d76c24687570001fcadc0,5c84e67a586020000148dd92,1
5e9d76c24687570001fcadc0,5c8617db586020000148dd9f,1
5e9d76c24687570001fcadc0,5d5d00c25bed820001968f36,1
5e9d76c24687570001fcadc0,5d5d00c25bed820001968f36,4
5e9dba3759fa4f000165e4f8,5bb197a481e8a80001c2dbe2,1
5e9fb81b4687570001fcadc3,5ba9fbf1ee129d0001df1a4e,1
5e9fb81b4687570001fcadc3,5baa0bd8ee129d0001df1a54,1
5e9fb81b4687570001fcadc3,5bb10f8e730e9e0001237d9b,1
5e9fb81b4687570001fcadc3,5bcada39345a5800013d74f3,1
5e9fb81b4687570001fcadc3,5bf9c8b053e7d00001dc468d,1
5e9fb81b4687570001fcadc3,5c016d863da4070001e54d24,1
5e9fb81b4687570001fcadc3,5c6147c4bd9f3800016a829c,1
5e9fb81b4687570001fcadc3,5cb478f11a05920001750435,1
5e9fb81b4687570001fcadc3,5d5d00c25bed820001968f36,1
5e9fb81b4687570001fcadc3,5d5f423e2fea1f0001cbd1a9,1
5e9fb81b4687570001fcadc3,5e3fd7e19c1f290001ebcbf2,1
5e9fb81b4687570001fcadc3,5e48ecfc46579600016d0c65,1
5ea1639634737e00019a35b8,5d595004dd428500014122a5,1
5ea1674659fa4f000165e503,5d595004dd428500014122a5,1
5ea1674659fa4f000165e503,5e513117e98214000185d46c,1
5ea1b21b34737e00019a35ba,5d52a63860bce9000168b154,1
5ea1b21b34737e00019a35ba,5d52a7eb60bce9000168b156,1
5ea1b21b34737e00019a35ba,5d53626707d44600017cb261,1
5ea1b21b34737e00019a35ba,5d5bb3584394f40001374c24,1
5ea1b21b34737e00019a35ba,5d5bc936ea2763000137d10e,1
5ea1b21b34737e00019a35ba,5d6377222fea1f0001cbd1bd,1
5ea1b21b34737e00019a35ba,5d638a13ef3f4c0001d094f8,1
5ea1b21b34737e00019a35ba,5d68eca22fea1f0001cbd1e0,1
5ea1b21b34737e00019a35ba,5d6a1ade72abfc00018c5610,1
5ea1b21b34737e00019a35ba,5d6a1f722fea1f0001cbd1e5,1
5ea1b21b34737e00019a35ba,5d883e2802a7ab0001a45d81,1
5ea1b21b34737e00019a35ba,5de0d28095aa210001079488,1
5ea1b21b34737e00019a35ba,5dede3f628c8290001f29890,1
5ea1b21b34737e00019a35ba,5d5bc936ea2763000137d10e,2
5ea1b21b34737e00019a35ba,5d638a13ef3f4c0001d094f8,2
5ea1b21b34737e00019a35ba,5d5bc936ea2763000137d10e,3
5ea1b21b34737e00019a35ba,5d5bc936ea2763000137d10e,4
5ea1b21b34737e00019a35ba,5d6a1ade72abfc00018c5610,4
5ea1b21b34737e00019a35ba,5d883e2802a7ab0001a45d81,4
5ea1c7544687570001fcadd0,5bb4364781e8a80001c2dbf4,1
5ea1c7544687570001fcadd0,5bb4b4c481e8a80001c2dbfc,1
5ea1c7544687570001fcadd0,5bb5a5de81e8a80001c2dc1a,1
5ea1c7544687570001fcadd0,5bc54eab2aa7a10001e891e3,1
5ea1c7544687570001fcadd0,5bc985b6345a5800013d74e6,1
5ea1c7544687570001fcadd0,5d2342b160d8c30001021c38,1
5ea1c7544687570001fcadd0,5d67b80b2fea1f0001cbd1db,1
5ea1c7544687570001fcadd0,5d6deafb77fc9f0001f4c6c4,1
5ea1c7544687570001fcadd0,5d9821ff1c94b000014ef24e,1
5ea1c7544687570001fcadd0,5de0e37c95aa210001079490,1
5ea1c7544687570001fcadd0,5de16d7a28c8290001f297bb,1
5ea1c7544687570001fcadd0,5de17b4228c8290001f297c0,1
5ea1c7544687570001fcadd0,5e3fd7e19c1f290001ebcbf2,1
5ea1c7544687570001fcadd0,5e5b48984ce47700016101cd,1
5ea452774687570001fcadd2,5ba9fbf1ee129d0001df1a4e,1
5ea452774687570001fcadd2,5baa0423ee129d0001df1a51,1
5ea452774687570001fcadd2,5bb0f77b730e9e0001237d8a,1
5ea452774687570001fcadd2,5bb0f9e0730e9e0001237d8c,1
5ea452774687570001fcadd2,5bb2d15281e8a80001c2dbe5,1
5ea452774687570001fcadd2,5bb4328181e8a80001c2dbf0,1
5ea452774687570001fcadd2,5bc91ef5345a5800013d74e2,1
5ea452774687570001fcadd2,5c016d863da4070001e54d24,1
5ea452774687570001fcadd2,5d59673a60bce9000168b175,1
5ea452774687570001fcadd2,5d5d00c25bed820001968f36,1
5ea452774687570001fcadd2,5d6cf47677fc9f0001f4c6b9,1
5ea452774687570001fcadd2,5d831b09616e1f0001028568,1
5ea452774687570001fcadd2,5d883e2802a7ab0001a45d81,1
5ea452774687570001fcadd2,5de0df4495aa21000107948e,1
5ea452774687570001fcadd2,5df10ad1da336300018feb20,1
5ea60b0d34737e00019a35c6,5c45dbf23bf2a500013bb052,1
5ea60b0d34737e00019a35c6,5d8a3d292c5f4400018b7dfa,1
5ea60b0d34737e00019a35c6,5d97627d1c94b000014ef24c,1
5ea60b0d34737e00019a35c6,5df11b0158bc1b00018beed4,1
5ea60b0d34737e00019a35c6,5d8a3d292c5f4400018b7dfa,2
5ea60b0d34737e00019a35c6,5d8a443a2c5f4400018b7dfe,2
5ea60b0d34737e00019a35c6,5d97627d1c94b000014ef24c,2
5ea60b0d34737e00019a35c6,5df119a2da336300018feb2a,2
5ea60b0d34737e00019a35c6,5df11b0158bc1b00018beed4,2
5ea663424687570001fcadda,5bb6562981e8a80001c2dc3c,1
5ea663424687570001fcadda,5bfece71770d4900011fcaf4,1
5ea663424687570001fcadda,5c35f661a1ab250001db5c26,1
5ea663424687570001fcadda,5c7abddc6186de00012a08f4,1
5ea663424687570001fcadda,5cb43c741a0592000175042f,1
5ea663424687570001fcadda,5d5c0cedea2763000137d117,1
5ea663424687570001fcadda,5d708128be30f50001fe09dd,1
5ea663424687570001fcadda,5d736b3d77fc9f0001f4c6e2,1
5ea663424687570001fcadda,5d78755a2c5f4400018b7dba,1
5ea663424687570001fcadda,5df9e6cf58bc1b00018bef5e,1
5ea663424687570001fcadda,5e5d77b9b175900001aa70bf,1
5ea6690134737e00019a35c9,5c642950bd9f3800016a82f6,1
5ea6690134737e00019a35c9,5c66c290bd9f3800016a8367,1
5ea6690134737e00019a35c9,5c77e5056186de00012a08e7,1
5ea6690134737e00019a35c9,5d05b0af60d8c30001021c06,1
5ea6690134737e00019a35c9,5d05b39c11ec0a0001765d30,1
5ea6690134737e00019a35c9,5d0e259560d8c30001021c1e,1
5ea6690134737e00019a35c9,5d0ed2d911ec0a0001765d43,1
5ea6690134737e00019a35c9,5c66c290bd9f3800016a8367,4
5ea6c50b59fa4f000165e513,5d5c0f684394f40001374c32,1
5ea6c50b59fa4f000165e513,5d5d1ddfb764640001ada1c0,1
5ea7b33a34737e00019a35cb,5d5fea5cef3f4c0001d094d4,1
5ea7b33a34737e00019a35cb,5d5fea5cef3f4c0001d094d4,2
5ea7ce2634737e00019a35cc,5c50850bbd9f3800016a8072,1
5ea7ce2634737e00019a35cc,5d52a63860bce9000168b154,1
5ea7ce2634737e00019a35cc,5d53626707d44600017cb261,1
5ea7ce2634737e00019a35cc,5d5ba902ccc06e00010b9f17,1
5ea7ce2634737e00019a35cc,5d5bc1604394f40001374c29,1
5ea7ce2634737e00019a35cc,5d5bc43aea2763000137d10c,1
5ea7ce2634737e00019a35cc,5d5bc936ea2763000137d10e,1
5ea7ce2634737e00019a35cc,5d6377222fea1f0001cbd1bd,1
5ea7ce2634737e00019a35cc,5d8a443a2c5f4400018b7dfe,1
5ea7ce2634737e00019a35cc,5deb611595aa210001079580,1
5ea7ce2634737e00019a35cc,5caedf1172645600013defc0,1
5ea7ce2634737e00019a35cc,5d52a7eb60bce9000168b156,1
5ea7ce2634737e00019a35cc,5d8a42452c5f4400018b7dfc,1
5ea7ce2634737e00019a35cc,5d8a45ed2c5f4400018b7e01,1
5ea7ce2634737e00019a35cc,5de0e37c95aa210001079490,1
5ea7ce2634737e00019a35cc,5de1602c95aa21000107949a,1
5ea9ab7134737e00019a35cd,5bb2d50081e8a80001c2dbe6,1
5ea9ab7134737e00019a35cd,5bc9ab545c968b00019b4742,1
5ea9ab7134737e00019a35cd,5c40a8ea33ea3b0001aaea5e,1
5ea9ab7134737e00019a35cd,5c457fd4e393180001c2deb1,1
5ea9ab7134737e00019a35cd,5d43335d3c1f8600013e568c,1
5ea9ab7134737e00019a35cd,5d594def60bce9000168b170,1
5ea9ab7134737e00019a35cd,5d59524e07d44600017cb277,1
5ea9ab7134737e00019a35cd,5d6df82877fc9f0001f4c6c7,1
5ea9ab7134737e00019a35cd,5dc18888fb8ee00001d6731d,1
5ea9ab7134737e00019a35cd,5bb2d50081e8a80001c2dbe6,4
5ea9c7674687570001fcade1,5d5d1ddfb764640001ada1c0,1
5ea9c7674687570001fcade1,5df119a2da336300018feb2a,1
5ea9c7674687570001fcade1,5e050ffada336300018fec48,1
5eaa840659fa4f000165e51d,5d05c8fc03594f0001c6016f,1
5eaa840659fa4f000165e51d,5d0ed8c198f00d000136ebb9,1
5eaa840659fa4f000165e51d,5e21bef0ef698e0001de8d68,1
5eacde3134737e00019a35d4,5bb4d2e281e8a80001c2dc03,1
5eacde3134737e00019a35d4,5c062d80857476000148a37e,1
5eacde3134737e00019a35d4,5c0d10cd857476000148a3b5,1
5eacde3134737e00019a35d4,5c1381bb795f7300010893b3,1
5eacde3134737e00019a35d4,5c52c8a6bd9f3800016a80c4,1
5eacde3134737e00019a35d4,5d773b092c5f4400018b7db3,1
5eacde3134737e00019a35d4,5ed5fa8e4687570001fcae92,1
5eacde3134737e00019a35d4,5baa0a65ee129d0001df1a53,1
5eacde3134737e00019a35d4,5bb10512730e9e0001237d95,1
5eacde3134737e00019a35d4,5bb1094a730e9e0001237d97,1
5eacde3134737e00019a35d4,5bb2eb0481e8a80001c2dbe8,1
5eacde3134737e00019a35d4,5bb4d1e881e8a80001c2dc02,1
5eacde3134737e00019a35d4,5bb5a5de81e8a80001c2dc1a,1
5eacde3134737e00019a35d4,5bb60aa981e8a80001c2dc1b,1
5eacde3134737e00019a35d4,5bb6277b81e8a80001c2dc2e,1
5eacde3134737e00019a35d4,5bbb8c3e3463c20001bd7deb,1
5eacde3134737e00019a35d4,5bc8abb0345a5800013d74de,1
5eacde3134737e00019a35d4,5bc9a8ea345a5800013d74e9,1
5eacde3134737e00019a35d4,5c46d3ebe393180001c2dee6,1
5eacde3134737e00019a35d4,5d5ceb475bed820001968f30,1
5eacde3134737e00019a35d4,5d9721301c94b000014ef241,1
5eacde3134737e00019a35d4,5e1e8e93c71f1800018104f4,1
5eacde3134737e00019a35d4,5bb4d2e281e8a80001c2dc03,4
5eacde3134737e00019a35d4,5c52c8a6bd9f3800016a80c4,4
5eacde3134737e00019a35d4,5bb1094a730e9e0001237d97,4
5ead30204687570001fcadeb,5c40a8ea33ea3b0001aaea5e,1
5ead30204687570001fcadeb,5c9a0124586020000148de5e,1
5ead30204687570001fcadeb,5dba9e6dd129c70001c7ad5b,1
5ead30204687570001fcadeb,5e2c0350a1c1fc0001362643,1
5ead30204687570001fcadeb,5bb197a481e8a80001c2dbe2,1
5ead30204687570001fcadeb,5c9c5f95a6a2cd0001754d98,1
5eadf4c959fa4f000165e525,5c3ab78433ea3b0001aae8e3,1
5eadf4c959fa4f000165e525,5c50850bbd9f3800016a8072,1
5eadf4c959fa4f000165e525,5d82451002a7ab0001a45d66,1
5eadf4c959fa4f000165e525,5d9c25131c94b000014ef269,1
5eadf4c959fa4f000165e525,5e5d7535b175900001aa70bd,1
5eadf4c959fa4f000165e525,5bb6557581e8a80001c2dc3b,1
5eadf4c959fa4f000165e525,5bc0d97951efd70001ea74d0,1
5eadf4c959fa4f000165e525,5be3b76b4b35f70001e26a1c,1
5eadf4c959fa4f000165e525,5c0d10cd857476000148a3b5,1
5eadf4c959fa4f000165e525,5c1381bb795f7300010893b3,1
5eadf4c959fa4f000165e525,5c1e3df12157780001f84308,1
5eadf4c959fa4f000165e525,5c35f661a1ab250001db5c26,1
5eadf4c959fa4f000165e525,5c3b4eea33ea3b0001aae905,1
5eadf4c959fa4f000165e525,5c9245340ec5c8000195dc7b,1
5eadf4c959fa4f000165e525,5ca032d5da7ff10001857d34,1
5eadf4c959fa4f000165e525,5cb7fd911a05920001750439,1
5eadf4c959fa4f000165e525,5cb96f30f0d339000139ef8f,1
5eadf4c959fa4f000165e525,5d6dff5177fc9f0001f4c6c9,1
5eadf4c959fa4f000165e525,5ddaa8d1d93ecc0001cbc97e,1
5eadf4c959fa4f000165e525,5e524f934a9c740001b0d81e,1
5eadf4c959fa4f000165e525,5e5d6fc51425ac0001dbc7fb,1
5eadf4c959fa4f000165e525,5e5d738db175900001aa70bb,1
5eae5b3d4687570001fcadee,5bc986a15c968b00019b473c,1
5eaebef259fa4f000165e526,5d6a941472abfc00018c5618,4
5eaeda8834737e00019a35dd,5c6c8de3bd9f3800016a841d,1
5eaeda8834737e00019a35dd,5c9a0124586020000148de5e,1
5eaeda8834737e00019a35dd,5cd28833f0d339000139effb,1
5eaeda8834737e00019a35dd,5c9a0124586020000148de5e,4
5eaf854a34737e00019a35df,5e2c0350a1c1fc0001362643,1
5eb016da4687570001fcadf5,5bc0d97951efd70001ea74d0,1
5eb016da4687570001fcadf5,5bd3f9dcdb89a70001e61ed5,1
5eb016da4687570001fcadf5,5bfece71770d4900011fcaf4,1
5eb016da4687570001fcadf5,5c0d10cd857476000148a3b5,1
5eb016da4687570001fcadf5,5c1381bb795f7300010893b3,1
5eb016da4687570001fcadf5,5c3ab78433ea3b0001aae8e3,1
5eb016da4687570001fcadf5,5c456682e393180001c2dea7,1
5eb016da4687570001fcadf5,5c47dddd86251f0001e86fdc,1
5eb016da4687570001fcadf5,5c7abddc6186de00012a08f4,1
5eb016da4687570001fcadf5,5ce4be0303594f0001c6014b,1
5eb016da4687570001fcadf5,5d595004dd428500014122a5,1
5eb016da4687570001fcadf5,5d5fef9bef3f4c0001d094d6,1
5eb016da4687570001fcadf5,5d6a95f672abfc00018c561a,1
5eb016da4687570001fcadf5,5d78755a2c5f4400018b7dba,1
5eb016da4687570001fcadf5,5c8758990ec5c8000195dc27,1
5eb016da4687570001fcadf5,5bc986a15c968b00019b473c,1
5eb016da4687570001fcadf5,5d5a0680dd428500014122aa,1
5eb016da4687570001fcadf5,5d5f48f8ef3f4c0001d094cf,1
5eb016da4687570001fcadf5,5ddaa8d1d93ecc0001cbc97e,1
5eb016da4687570001fcadf5,5e5d6fc51425ac0001dbc7fb,1
5eb016da4687570001fcadf5,5e5d738db175900001aa70bb,1
5eb016da4687570001fcadf5,5bc0d97951efd70001ea74d0,3
5eb016da4687570001fcadf5,5d6a95f672abfc00018c561a,4
5eb445e434737e00019a35e6,5baa0423ee129d0001df1a51,1
5eb445e434737e00019a35e6,5baf2933730e9e0001237d79,1
5eb445e434737e00019a35e6,5bb10f8e730e9e0001237d9b,1
5eb445e434737e00019a35e6,5bb4328181e8a80001c2dbf0,1
5eb445e434737e00019a35e6,5bb626d681e8a80001c2dc2d,1
5eb445e434737e00019a35e6,5bc91ef5345a5800013d74e2,1
5eb445e434737e00019a35e6,5bc9b4395c968b00019b4743,1
5eb445e434737e00019a35e6,5bef8a5a44dcca0001d72cfc,1
5eb445e434737e00019a35e6,5d2342b160d8c30001021c38,1
5eb445e434737e00019a35e6,5e48ecfc46579600016d0c65,1
5eb4f4fc34737e00019a35e8,5baf2933730e9e0001237d79,1
5eb4f4fc34737e00019a35e8,5bb0ffba730e9e0001237d91,1
5eb4f4fc34737e00019a35e8,5bb110f5730e9e0001237d9c,1
5eb4f4fc34737e00019a35e8,5bb190d281e8a80001c2dbe1,1
5eb4f4fc34737e00019a35e8,5bb4b4c481e8a80001c2dbfc,1
5eb4f4fc34737e00019a35e8,5bc8b519345a5800013d74df,1
5eb4f4fc34737e00019a35e8,5bc985b6345a5800013d74e6,1
5eb4f4fc34737e00019a35e8,5bca7f415c968b00019b4749,1
5eb4f4fc34737e00019a35e8,5bef8a5a44dcca0001d72cfc,1
5eb4f4fc34737e00019a35e8,5cb478f11a05920001750435,1
5eb4f4fc34737e00019a35e8,5d67b80b2fea1f0001cbd1db,1
5eb7123d34737e00019a35e9,5ba9fbf1ee129d0001df1a4e,1
5eb7123d34737e00019a35e9,5bb10094730e9e0001237d92,1
5eb7123d34737e00019a35e9,5bb10a56730e9e0001237d98,1
5eb7123d34737e00019a35e9,5bb10e90730e9e0001237d9a,1
5eb7123d34737e00019a35e9,5bb11615730e9e0001237da0,1
5eb7123d34737e00019a35e9,5bb190d281e8a80001c2dbe1,1
5eb7123d34737e00019a35e9,5bb197a481e8a80001c2dbe2,1
5eb7123d34737e00019a35e9,5bb2d50081e8a80001c2dbe6,1
5eb7123d34737e00019a35e9,5bb4314c81e8a80001c2dbef,1
5eb7123d34737e00019a35e9,5bb4328181e8a80001c2dbf0,1
5eb7123d34737e00019a35e9,5bb4396881e8a80001c2dbf5,1
5eb7123d34737e00019a35e9,5bb43abf81e8a80001c2dbf6,1
5eb7123d34737e00019a35e9,5bb43be781e8a80001c2dbf7,1
5eb7123d34737e00019a35e9,5bb4b1ab81e8a80001c2dbfa,1
5eb7123d34737e00019a35e9,5bb4db8e81e8a80001c2dc06,1
5eb7123d34737e00019a35e9,5bb4dfa681e8a80001c2dc09,1
5eb7123d34737e00019a35e9,5bb4e6e981e8a80001c2dc0b,1
5eb7123d34737e00019a35e9,5bb4ed1381e8a80001c2dc0f,1
5eb7123d34737e00019a35e9,5bb59be781e8a80001c2dc19,1
5eb7123d34737e00019a35e9,5bb5a5de81e8a80001c2dc1a,1
5eb7123d34737e00019a35e9,5bc873e45c968b00019b4731,1
5eb7123d34737e00019a35e9,5bc8b519345a5800013d74df,1
5eb7123d34737e00019a35e9,5bc91ef5345a5800013d74e2,1
5eb7123d34737e00019a35e9,5bcada39345a5800013d74f3,1
5eb7123d34737e00019a35e9,5c0120783da4070001e54d20,1
5eb7123d34737e00019a35e9,5c1381bb795f7300010893b3,1
5eb7123d34737e00019a35e9,5c40a8ea33ea3b0001aaea5e,1
5eb7123d34737e00019a35e9,5c8348faa6a2cd0001754cc9,1
5eb7123d34737e00019a35e9,5c8617db586020000148dd9f,1
5eb7123d34737e00019a35e9,5c94f5116186de00012a09c3,1
5eb7123d34737e00019a35e9,5ca032d5da7ff10001857d34,1
5eb7123d34737e00019a35e9,5ca4ac746975f8000102a75b,1
5eb7123d34737e00019a35e9,5ce937e103594f0001c60156,1
5eb7123d34737e00019a35e9,5d2aaf1b3c1f8600013e5637,1
5eb7123d34737e00019a35e9,5d594def60bce9000168b170,1
5eb7123d34737e00019a35e9,5d5a0b0260bce9000168b17b,1
5eb7123d34737e00019a35e9,5d5bc936ea2763000137d10e,1
5eb7123d34737e00019a35e9,5d5bce66ea2763000137d113,1
5eb7123d34737e00019a35e9,5d63749872abfc00018c55dd,1
5eb7123d34737e00019a35e9,5d6a78c4ef3f4c0001d09526,1
5eb7123d34737e00019a35e9,5d82451002a7ab0001a45d66,1
5eb7123d34737e00019a35e9,5d831b09616e1f0001028568,1
5eb7123d34737e00019a35e9,5da96557733fb70001f2a0ce,1
5eb7123d34737e00019a35e9,5dd931f228c8290001f29732,1
5eb7123d34737e00019a35e9,5de17b4228c8290001f297c0,1
5eb7123d34737e00019a35e9,5e2c0350a1c1fc0001362643,1
5eb7123d34737e00019a35e9,5e2c3052046899000179a915,1
5eb7123d34737e00019a35e9,5e6dd01ece57000001c7b7c0,1
5eb7123d34737e00019a35e9,5e9358522816ec0001f628aa,1
5eb7123d34737e00019a35e9,5dd931f228c8290001f29732,2
5eb7d61259fa4f000165e52a,5bc91ef5345a5800013d74e2,1
5eb7d61259fa4f000165e52a,5bcc0d725c968b00019b4752,1
5eb7d61259fa4f000165e52a,5c6147c4bd9f3800016a829c,1
5eb7d61259fa4f000165e52a,5c94f5116186de00012a09c3,1
5eb7d61259fa4f000165e52a,5d62906e2fea1f0001cbd1ba,1
5eb7d61259fa4f000165e52a,5e513117e98214000185d46c,1
5eb8ca7459fa4f000165e52b,5caae179ccd4eb00015976b5,1
5eb8f90034737e00019a35eb,5d59673a60bce9000168b175,1
5eb8f90034737e00019a35eb,5d59673a60bce9000168b175,3
5ebbaca734737e00019a35ff,5baf18c2730e9e0001237d76,1
5ebbaca734737e00019a35ff,5bb2d65a81e8a80001c2dbe7,1
5ebbaca734737e00019a35ff,5bb4396881e8a80001c2dbf5,1
5ebbaca734737e00019a35ff,5bb4cc1d81e8a80001c2dbff,1
5ebbaca734737e00019a35ff,5bb5a5de81e8a80001c2dc1a,1
5ebbaca734737e00019a35ff,5bc9879d5c968b00019b473d,1
5ebbaca734737e00019a35ff,5c0120783da4070001e54d20,1
5ebbaca734737e00019a35ff,5c5ffcc8bd9f3800016a827a,1
5ebbaca734737e00019a35ff,5c6c8de3bd9f3800016a841d,1
5ebbaca734737e00019a35ff,5ca5c931e9aa44000111096c,1
5ebbaca734737e00019a35ff,5d5fea5cef3f4c0001d094d4,1
5ebbaca734737e00019a35ff,5d6df82877fc9f0001f4c6c7,1
5ebbaca734737e00019a35ff,5da96557733fb70001f2a0ce,1
5ebbaca734737e00019a35ff,5dba9e6dd129c70001c7ad5b,1
5ebbaca734737e00019a35ff,5d4972e316b7960001c615fb,1
5ebbaca734737e00019a35ff,5baf18c2730e9e0001237d76,3
5ebbb7674687570001fcae09,5caedc0bfa396d00015ed17f,2
5ebbb7674687570001fcae09,5d53626707d44600017cb261,2
5ebbb7674687570001fcae09,5d5b94094394f40001374c19,2
5ebbb7674687570001fcae09,5d5bcffc4394f40001374c2e,2
5ebbb7674687570001fcae09,5d63749872abfc00018c55dd,2
5ebbb7674687570001fcae09,5d6377222fea1f0001cbd1bd,2
5ebbb7674687570001fcae09,5d637e21ef3f4c0001d094f5,2
5ebbb7674687570001fcae09,5de0d175d93ecc0001cbc9e2,2
5ebbb7674687570001fcae09,5de0dcb4d93ecc0001cbc9e7,2
5ebbb7674687570001fcae09,5de0e12d28c8290001f297a2,2
5ebbb7674687570001fcae09,5de0e25228c8290001f297a4,2
5ebbb7674687570001fcae09,5de167dc95aa21000107949d,2
5ebbb7674687570001fcae09,5de174cdd93ecc0001cbca04,2
5ebbb7674687570001fcae09,5dea7337d93ecc0001cbcaa9,2
5ebc3be934737e00019a3603,5baa0423ee129d0001df1a51,1
5ebc3be934737e00019a3603,5baf2ca5730e9e0001237d7b,1
5ebc3be934737e00019a3603,5bb0ffba730e9e0001237d91,1
5ebc3be934737e00019a3603,5bb10e90730e9e0001237d9a,1
5ebc3be934737e00019a3603,5bb2d15281e8a80001c2dbe5,1
5ebc3be934737e00019a3603,5bb4328181e8a80001c2dbf0,1
5ebc3be934737e00019a3603,5bb4396881e8a80001c2dbf5,1
5ebc3be934737e00019a3603,5bb4b4c481e8a80001c2dbfc,1
5ebc3be934737e00019a3603,5bb626d681e8a80001c2dc2d,1
5ebc3be934737e00019a3603,5bc8b519345a5800013d74df,1
5ebc3be934737e00019a3603,5bc985b6345a5800013d74e6,1
5ebc3be934737e00019a3603,5c5eb1fec327530001a1de59,1
5ebc3be934737e00019a3603,5cd52580cb680e0001969ecb,1
5ebc3be934737e00019a3603,5ce937e103594f0001c60156,1
5ebc3be934737e00019a3603,5ceea68c98f00d000136eb9d,1
5ebc3be934737e00019a3603,5d2342b160d8c30001021c38,1
5ebc3be934737e00019a3603,5d4278543c1f8600013e5684,1
5ebc3be934737e00019a3603,5d539311dd4285000141227f,1
5ebc3be934737e00019a3603,5d59524e07d44600017cb277,1
5ebc3be934737e00019a3603,5d65073def3f4c0001d094fe,1
5ebc3be934737e00019a3603,5d67927aef3f4c0001d09507,1
5ebc3be934737e00019a3603,5d6793f82fea1f0001cbd1d8,1
5ebc3be934737e00019a3603,5d67950372abfc00018c55fa,1
5ebc3be934737e00019a3603,5d68e929ef3f4c0001d09515,1
5ebc3be934737e00019a3603,5d69168b72abfc00018c5607,1
5ebc3be934737e00019a3603,5d6d2b5d77fc9f0001f4c6bf,1
5ebc3be934737e00019a3603,5d9821ff1c94b000014ef24e,1
5ebc3be934737e00019a3603,5d9d9f981c94b000014ef271,1
5ebc3be934737e00019a3603,5db7ec41d6704000014c5316,1
5ebc3be934737e00019a3603,5de0e37c95aa210001079490,1
5ebc3be934737e00019a3603,5e3fd7e19c1f290001ebcbf2,1
5ebc3be934737e00019a3603,5e6340d5856125000194d34c,1
5ebc3be934737e00019a3603,5bc8b519345a5800013d74df,2
5ebc3be934737e00019a3603,5c5eb1fec327530001a1de59,2
5ebc3be934737e00019a3603,5cd52580cb680e0001969ecb,2
5ebc3be934737e00019a3603,5ceea68c98f00d000136eb9d,2
5ebc3be934737e00019a3603,5d59524e07d44600017cb277,2
5ebc3be934737e00019a3603,5db7ec41d6704000014c5316,2
5ebc3be934737e00019a3603,5e6340d5856125000194d34c,2
5ebe6b9434737e00019a3608,5bb4dfa681e8a80001c2dc09,1
5ebe6b9434737e00019a3608,5bb4f7c481e8a80001c2dc16,1
5ebe6b9434737e00019a3608,5c9a0124586020000148de5e,1
5ebe6b9434737e00019a3608,5d735aacbe30f50001fe09e7,1
5ebe6b9434737e00019a3608,5e2c0350a1c1fc0001362643,1
5ebeb29f59fa4f000165e546,5baa0bd8ee129d0001df1a54,1
5ebeb29f59fa4f000165e546,5bb0ffba730e9e0001237d91,1
5ebeb29f59fa4f000165e546,5bb2d15281e8a80001c2dbe5,1
5ebeb29f59fa4f000165e546,5bb4db8e81e8a80001c2dc06,1
5ebeb29f59fa4f000165e546,5bb4e85f81e8a80001c2dc0c,1
5ebeb29f59fa4f000165e546,5bb4e9b581e8a80001c2dc0d,1
5ebeb29f59fa4f000165e546,5bc8647a5c968b00019b472f,1
5ebeb29f59fa4f000165e546,5c40a8ea33ea3b0001aaea5e,1
5ebeb29f59fa4f000165e546,5c9a0124586020000148de5e,1
5ebeb29f59fa4f000165e546,5db3dc710a5654000189843c,1
5ebeb29f59fa4f000165e546,5dc18888fb8ee00001d6731d,1
5ebeb29f59fa4f000165e546,5e2c0350a1c1fc0001362643,1
5ebeb29f59fa4f000165e546,5e2c0350a1c1fc0001362643,4
5ebf965a59fa4f000165e548,5d5a0b0260bce9000168b17b,1
5ebf965a59fa4f000165e548,5d5a0b0260bce9000168b17b,2
5ec10bb04687570001fcae0f,5baa0a65ee129d0001df1a53,1
5ec10bb04687570001fcae0f,5bb197a481e8a80001c2dbe2,1
5ec10bb04687570001fcae0f,5bb4328181e8a80001c2dbf0,1
5ec10bb04687570001fcae0f,5bb4396881e8a80001c2dbf5,1
5ec10bb04687570001fcae0f,5bb4d2e281e8a80001c2dc03,1
5ec10bb04687570001fcae0f,5bb4f50c81e8a80001c2dc15,1
5ec10bb04687570001fcae0f,5bb5a5de81e8a80001c2dc1a,1
5ec10bb04687570001fcae0f,5bc8647a5c968b00019b472f,1
5ec10bb04687570001fcae0f,5bc873e45c968b00019b4731,1
5ec10bb04687570001fcae0f,5bc87fc45c968b00019b4732,1
5ec10bb04687570001fcae0f,5bc9b4395c968b00019b4743,1
5ec10bb04687570001fcae0f,5bfece71770d4900011fcaf4,1
5ec10bb04687570001fcae0f,5c9a0124586020000148de5e,1
5ec10bb04687570001fcae0f,5d9721301c94b000014ef241,1
5ec10bb04687570001fcae0f,5e539a2be98214000185d499,1
5ec10bb04687570001fcae0f,5e5b48984ce47700016101cd,1
5ec10bb04687570001fcae0f,5bb0fbb8730e9e0001237d8e,1
5ec10bb04687570001fcae0f,5bb110f5730e9e0001237d9c,1
5ec10bb04687570001fcae0f,5bb3ba7781e8a80001c2dbee,1
5ec10bb04687570001fcae0f,5bb4364781e8a80001c2dbf4,1
5ec10bb04687570001fcae0f,5bb43be781e8a80001c2dbf7,1
5ec10bb04687570001fcae0f,5bb4b4c481e8a80001c2dbfc,1
5ec10bb04687570001fcae0f,5bb4d00881e8a80001c2dc01,1
5ec10bb04687570001fcae0f,5bb4d1e881e8a80001c2dc02,1
5ec10bb04687570001fcae0f,5bb4db8e81e8a80001c2dc06,1
5ec10bb04687570001fcae0f,5bb4e85f81e8a80001c2dc0c,1
5ec10bb04687570001fcae0f,5bb4ed1381e8a80001c2dc0f,1
5ec10bb04687570001fcae0f,5bb4f7c481e8a80001c2dc16,1
5ec10bb04687570001fcae0f,5bb60aa981e8a80001c2dc1b,1
5ec10bb04687570001fcae0f,5bb6277b81e8a80001c2dc2e,1
5ec10bb04687570001fcae0f,5bb64ba781e8a80001c2dc33,1
5ec10bb04687570001fcae0f,5bb651dc81e8a80001c2dc38,1
5ec10bb04687570001fcae0f,5bc54eab2aa7a10001e891e3,1
5ec10bb04687570001fcae0f,5bc6a5ec5c968b00019b4729,1
5ec10bb04687570001fcae0f,5bcadea7345a5800013d74f4,1
5ec10bb04687570001fcae0f,5c40a8ea33ea3b0001aaea5e,1
5ec10bb04687570001fcae0f,5c46d3ebe393180001c2dee6,1
5ec10bb04687570001fcae0f,5c4d2e50884c6300018d19b2,1
5ec10bb04687570001fcae0f,5c5d2ff2884c6300018d19fa,1
5ec10bb04687570001fcae0f,5c5eb1fec327530001a1de59,1
5ec10bb04687570001fcae0f,5c7b4edaa6a2cd0001754c9c,1
5ec10bb04687570001fcae0f,5ca4ac746975f8000102a75b,1
5ec10bb04687570001fcae0f,5cd50e0dcb680e0001969eca,1
5ec10bb04687570001fcae0f,5ce937e103594f0001c60156,1
5ec10bb04687570001fcae0f,5d15de3d98f00d000136ebbe,1
5ec10bb04687570001fcae0f,5d59305060bce9000168b16e,1
5ec10bb04687570001fcae0f,5d595c9560bce9000168b172,1
5ec10bb04687570001fcae0f,5d5a038f07d44600017cb27c,1
5ec10bb04687570001fcae0f,5d5ceb475bed820001968f30,1
5ec10bb04687570001fcae0f,5d6df82877fc9f0001f4c6c7,1
5ec10bb04687570001fcae0f,5dba9b3d83e4170001ed81f4,1
5ec10bb04687570001fcae0f,5dba9e6dd129c70001c7ad5b,1
5ec10bb04687570001fcae0f,5dc18888fb8ee00001d6731d,1
5ec10bb04687570001fcae0f,5e1dd342c71f1800018104de,1
5ec10bb04687570001fcae0f,5bb0ffba730e9e0001237d91,1
5ec10bb04687570001fcae0f,5c0120783da4070001e54d20,1
5ec10bb04687570001fcae0f,5c52e026bd9f3800016a80cb,1
5ec10bb04687570001fcae0f,5c5ffcc8bd9f3800016a827a,1
5ec10bb04687570001fcae0f,5d4972e316b7960001c615fb,1
5ec10bb04687570001fcae0f,5d5a0b0260bce9000168b17b,1
5ec10bb04687570001fcae0f,5d6dff5177fc9f0001f4c6c9,1
5ec10bb04687570001fcae0f,5d71c3aa77fc9f0001f4c6dd,1
5ec10bb04687570001fcae0f,5d8a516302a7ab0001a45da0,1
5ec10bb04687570001fcae0f,5de17b4228c8290001f297c0,1
5ec10bb04687570001fcae0f,5def8f1458bc1b00018beeae,1
5ec10bb04687570001fcae0f,5e2c0350a1c1fc0001362643,1
5ec10bb04687570001fcae0f,5e48ecfc46579600016d0c65,1
5ec10bb04687570001fcae0f,5c5d2ff2884c6300018d19fa,4
5ec203f64687570001fcae13,5d5ba902ccc06e00010b9f17,1
5ec203f64687570001fcae13,5d8a443a2c5f4400018b7dfe,1
5ec203f64687570001fcae13,5d9370c64d2f6c00014a3a3a,1
5ec203f64687570001fcae13,5de16187d93ecc0001cbca00,1
5ec210ba4687570001fcae14,5bbb8c3e3463c20001bd7deb,1
5ec210ba4687570001fcae14,5caedf1172645600013defc0,1
5ec210ba4687570001fcae14,5d52a63860bce9000168b154,1
5ec210ba4687570001fcae14,5d53626707d44600017cb261,1
5ec210ba4687570001fcae14,5d5ba550ccc06e00010b9f11,1
5ec210ba4687570001fcae14,5d5bb054ccc06e00010b9f19,1
5ec210ba4687570001fcae14,5d6377222fea1f0001cbd1bd,1
5ec210ba4687570001fcae14,5d637c24ef3f4c0001d094f2,1
5ec210ba4687570001fcae14,5d637e21ef3f4c0001d094f5,1
5ec210ba4687570001fcae14,5d68eca22fea1f0001cbd1e0,1
5ec210ba4687570001fcae14,5d6a18d272abfc00018c560e,1
5ec210ba4687570001fcae14,5d6a1f722fea1f0001cbd1e5,1
5ec210ba4687570001fcae14,5d936c634d2f6c00014a3a38,1
5ec210ba4687570001fcae14,5d937af94d2f6c00014a3a3c,1
5ec210ba4687570001fcae14,5de167dc95aa21000107949d,1
5ec210ba4687570001fcae14,5df11767dbc26b0001c76ea8,1
5ec210ba4687570001fcae14,5d5ba550ccc06e00010b9f11,2
5ec210ba4687570001fcae14,5d6377222fea1f0001cbd1bd,2
5ec210ba4687570001fcae14,5d637c24ef3f4c0001d094f2,2
5ec210ba4687570001fcae14,5d637e21ef3f4c0001d094f5,2
5ec210ba4687570001fcae14,5d6a18d272abfc00018c560e,2
5ec210ba4687570001fcae14,5df11767dbc26b0001c76ea8,2
5ec227ea59fa4f000165e550,5caedf1172645600013defc0,1
5ec227ea59fa4f000165e550,5d5b94094394f40001374c19,1
5ec227ea59fa4f000165e550,5d5ba550ccc06e00010b9f11,1
5ec227ea59fa4f000165e550,5d5bcb884394f40001374c2c,1
5ec227ea59fa4f000165e550,5d6377222fea1f0001cbd1bd,1
5ec227ea59fa4f000165e550,5d6379b572abfc00018c55e1,1
5ec227ea59fa4f000165e550,5d637e21ef3f4c0001d094f5,1
5ec227ea59fa4f000165e550,5d63915372abfc00018c55e7,1
5ec227ea59fa4f000165e550,5d63946172abfc00018c55e9,1
5ec227ea59fa4f000165e550,5d6399172fea1f0001cbd1c1,1
5ec227ea59fa4f000165e550,5d6a18d272abfc00018c560e,1
5ec227ea59fa4f000165e550,5d6a1ade72abfc00018c5610,1
5ec227ea59fa4f000165e550,5d883e2802a7ab0001a45d81,1
5ec227ea59fa4f000165e550,5d937af94d2f6c00014a3a3c,1
5ec227ea59fa4f000165e550,5de0e12d28c8290001f297a2,1
5ec227ea59fa4f000165e550,5de16187d93ecc0001cbca00,1
5ec227ea59fa4f000165e550,5de167dc95aa21000107949d,1
5ec227ea59fa4f000165e550,5df11767dbc26b0001c76ea8,1
5ec227ea59fa4f000165e550,5d5b94094394f40001374c19,2
5ec227ea59fa4f000165e550,5d5bcb884394f40001374c2c,2
5ec227ea59fa4f000165e550,5d6377222fea1f0001cbd1bd,2
5ec227ea59fa4f000165e550,5d6379b572abfc00018c55e1,2
5ec227ea59fa4f000165e550,5d637e21ef3f4c0001d094f5,2
5ec227ea59fa4f000165e550,5d63915372abfc00018c55e7,2
5ec227ea59fa4f000165e550,5d63946172abfc00018c55e9,2
5ec227ea59fa4f000165e550,5d6a18d272abfc00018c560e,2
5ec227ea59fa4f000165e550,5d6a1ade72abfc00018c5610,2
5ec227ea59fa4f000165e550,5d883e2802a7ab0001a45d81,2
5ec227ea59fa4f000165e550,5d937af94d2f6c00014a3a3c,2
5ec227ea59fa4f000165e550,5df11767dbc26b0001c76ea8,2
5ec227ea59fa4f000165e550,5d5b94094394f40001374c19,3
5ec227ea59fa4f000165e550,5d6379b572abfc00018c55e1,3
5ec227ea59fa4f000165e550,5d637e21ef3f4c0001d094f5,3
5ec227ea59fa4f000165e550,5d63915372abfc00018c55e7,3
5ec227ea59fa4f000165e550,5d6a1ade72abfc00018c5610,3
5ec227ea59fa4f000165e550,5d637e21ef3f4c0001d094f5,4
5ec227ea59fa4f000165e550,5d63915372abfc00018c55e7,4
5ec2377f4687570001fcae18,5ca5c931e9aa44000111096c,1
5ec2377f4687570001fcae18,5caedf1172645600013defc0,1
5ec2377f4687570001fcae18,5d52a63860bce9000168b154,1
5ec2377f4687570001fcae18,5d52b0ec07d44600017cb25b,1
5ec2377f4687570001fcae18,5d5b882dccc06e00010b9f0d,1
5ec2377f4687570001fcae18,5d5b9054ea2763000137d106,1
5ec2377f4687570001fcae18,5d5bae2f4394f40001374c20,1
5ec2377f4687570001fcae18,5d6377222fea1f0001cbd1bd,1
5ec2377f4687570001fcae18,5d637c24ef3f4c0001d094f2,1
5ec2377f4687570001fcae18,5d637e21ef3f4c0001d094f5,1
5ec2377f4687570001fcae18,5d638a13ef3f4c0001d094f8,1
5ec2377f4687570001fcae18,5d6a18d272abfc00018c560e,1
5ec2377f4687570001fcae18,5d883e2802a7ab0001a45d81,1
5ec2377f4687570001fcae18,5d8a45ed2c5f4400018b7e01,1
5ec2377f4687570001fcae18,5d6377222fea1f0001cbd1bd,2
5ec4cf1959fa4f000165e558,5d883e2802a7ab0001a45d81,1
5ec51a2134737e00019a3619,5baa0a65ee129d0001df1a53,1
5ec51a2134737e00019a3619,5baf2933730e9e0001237d79,1
5ec51a2134737e00019a3619,5bb4f50c81e8a80001c2dc15,1
5ec51a2134737e00019a3619,5bc8647a5c968b00019b472f,1
5ec51a2134737e00019a3619,5bc9b4395c968b00019b4743,1
5ec51a2134737e00019a3619,5be3c5344b35f70001e26a1d,1
5ec51a2134737e00019a3619,5c3b5dbf33ea3b0001aae907,1
5ec51a2134737e00019a3619,5c4d2e50884c6300018d19b2,1
5ec51a2134737e00019a3619,5c5d2ff2884c6300018d19fa,1
5ec51a2134737e00019a3619,5c642f02bd9f3800016a82f7,1
5ec51a2134737e00019a3619,5c7b4edaa6a2cd0001754c9c,1
5ec51a2134737e00019a3619,5c8352b0a6a2cd0001754cca,1
5ec51a2134737e00019a3619,5c9a0124586020000148de5e,1
5ec51a2134737e00019a3619,5c9c5f95a6a2cd0001754d98,1
5ec51a2134737e00019a3619,5cb578d01a05920001750436,1
5ec51a2134737e00019a3619,5d5a0b0260bce9000168b17b,1
5ec51a2134737e00019a3619,5d5ceb475bed820001968f30,1
5ec51a2134737e00019a3619,5c9a0124586020000148de5e,2
5ec51ecb4687570001fcae23,5baf18c2730e9e0001237d76,1
5ec51ecb4687570001fcae23,5bb4ed1381e8a80001c2dc0f,1
5ec51ecb4687570001fcae23,5bb4f7c481e8a80001c2dc16,1
5ec54a7e4687570001fcae25,5d52b0ec07d44600017cb25b,1
5ec54a7e4687570001fcae25,5d5bc1604394f40001374c29,1
5ec54a7e4687570001fcae25,5d5bc43aea2763000137d10c,1
5ec54a7e4687570001fcae25,5d5bc936ea2763000137d10e,1
5ec54a7e4687570001fcae25,5d637129ef3f4c0001d094f0,1
5ec54a7e4687570001fcae25,5d6377222fea1f0001cbd1bd,1
5ec54a7e4687570001fcae25,5d8a45ed2c5f4400018b7e01,1
5ec54a7e4687570001fcae25,5d5bc936ea2763000137d10e,2
5ec57d384687570001fcae27,5bb4eba381e8a80001c2dc0e,1
5ec57d384687570001fcae27,5c40a8ea33ea3b0001aaea5e,1
5ec57d384687570001fcae27,5c5d2ff2884c6300018d19fa,1
5ec57d384687570001fcae27,5d6df82877fc9f0001f4c6c7,1
5ec57d384687570001fcae27,5bb4eba381e8a80001c2dc0e,2
5ec57d384687570001fcae27,5c40a8ea33ea3b0001aaea5e,2
5ec57d384687570001fcae27,5c5d2ff2884c6300018d19fa,2
5ec57d384687570001fcae27,5d6df82877fc9f0001f4c6c7,2
5ec5d9eb34737e00019a361a,5df111d058bc1b00018beed2,1
5ec5d9eb34737e00019a361a,5df111d058bc1b00018beed2,3
5ec5fa6734737e00019a361d,5bc873e45c968b00019b4731,1
5ec5fa6734737e00019a361d,5c0120783da4070001e54d20,1
5ec5fa6734737e00019a361d,5c40a8ea33ea3b0001aaea5e,1
5ec5fa6734737e00019a361d,5c44675de393180001c2de89,1
5ec5fa6734737e00019a361d,5d54293c60bce9000168b162,1
5ec5fa6734737e00019a361d,5d594def60bce9000168b170,1
5ec5fa6734737e00019a361d,5d66578d2fea1f0001cbd1cb,1
5ec5fa6734737e00019a361d,5df119a2da336300018feb2a,1
5ec7b47334737e00019a3623,5d5a0b0260bce9000168b17b,1
5ec7b47334737e00019a3623,5d6deafb77fc9f0001f4c6c4,1
5ec7b47334737e00019a3623,5d71c3aa77fc9f0001f4c6dd,1
5ec7b47334737e00019a3623,5baa01f5ee129d0001df1a50,1
5ec7b47334737e00019a3623,5baa0a65ee129d0001df1a53,1
5ec7b47334737e00019a3623,5baf2933730e9e0001237d79,1
5ec7b47334737e00019a3623,5baf2ca5730e9e0001237d7b,1
5ec7b47334737e00019a3623,5bb0f669730e9e0001237d89,1
5ec7b47334737e00019a3623,5bb1086f730e9e0001237d96,1
5ec7b47334737e00019a3623,5bb190d281e8a80001c2dbe1,1
5ec7b47334737e00019a3623,5bb3ba7781e8a80001c2dbee,1
5ec7b47334737e00019a3623,5bb4364781e8a80001c2dbf4,1
5ec7b47334737e00019a3623,5bb4b4c481e8a80001c2dbfc,1
5ec7b47334737e00019a3623,5bb4cc1d81e8a80001c2dbff,1
5ec7b47334737e00019a3623,5bb626d681e8a80001c2dc2d,1
5ec7b47334737e00019a3623,5bc54eab2aa7a10001e891e3,1
5ec7b47334737e00019a3623,5d524bfb15638100014a9cfc,1
5ec7b47334737e00019a3623,5d59524e07d44600017cb277,1
5ec7b47334737e00019a3623,5d5a00f807d44600017cb27a,1
5ec7b47334737e00019a3623,5d62888e2fea1f0001cbd1b5,1
5ec7b47334737e00019a3623,5d67b80b2fea1f0001cbd1db,1
5ec7b47334737e00019a3623,5d9821ff1c94b000014ef24e,1
5ec7b47334737e00019a3623,5db7ec41d6704000014c5316,1
5ec7b47334737e00019a3623,5db8d611d6704000014c5324,1
5ec7b47334737e00019a3623,5de16d7a28c8290001f297bb,1
5ec7b47334737e00019a3623,5e3fd7e19c1f290001ebcbf2,1
5ec7b47334737e00019a3623,5d6fc553be30f50001fe09d9,1
5ec7b47334737e00019a3623,5d6deafb77fc9f0001f4c6c4,2
5ec7b47334737e00019a3623,5bb4b4c481e8a80001c2dbfc,2
5ec7b47334737e00019a3623,5bb626d681e8a80001c2dc2d,2
5ec7b47334737e00019a3623,5d59524e07d44600017cb277,2
5ec7b47334737e00019a3623,5bb4b4c481e8a80001c2dbfc,4
5ec7b47334737e00019a3623,5bb626d681e8a80001c2dc2d,4
5ec7b47334737e00019a3623,5d59524e07d44600017cb277,4
5ec8f9864687570001fcae2a,5baa0a65ee129d0001df1a53,1
5ec8f9864687570001fcae2a,5bb10512730e9e0001237d95,1
5ec8f9864687570001fcae2a,5bb197a481e8a80001c2dbe2,1
5ec8f9864687570001fcae2a,5bb4b4c481e8a80001c2dbfc,1
5ec8f9864687570001fcae2a,5bb4d1e881e8a80001c2dc02,1
5ec8f9864687570001fcae2a,5bb4d2e281e8a80001c2dc03,1
5ec8f9864687570001fcae2a,5bb4ed1381e8a80001c2dc0f,1
5ec8f9864687570001fcae2a,5bb6277b81e8a80001c2dc2e,1
5ec8f9864687570001fcae2a,5bc8647a5c968b00019b472f,1
5ec8f9864687570001fcae2a,5c6147c4bd9f3800016a829c,1
5ec8f9864687570001fcae2a,5c9a0124586020000148de5e,1
5ec8f9864687570001fcae2a,5cd50e0dcb680e0001969eca,1
5ec8f9864687570001fcae2a,5d5ceb475bed820001968f30,1
5ec8f9864687570001fcae2a,5db3dc710a5654000189843c,1
5ec8f9864687570001fcae2a,5baa0a65ee129d0001df1a53,2
5ec8f9864687570001fcae2a,5bb4ed1381e8a80001c2dc0f,2
5ec8f9864687570001fcae2a,5bc8647a5c968b00019b472f,2
5ec8f9864687570001fcae2a,5bb4ed1381e8a80001c2dc0f,3
5eca671a34737e00019a3625,5dd931f228c8290001f29732,1
5eca671a34737e00019a3625,5e9358522816ec0001f628aa,1
5ecb82ce4687570001fcae34,5bc91ef5345a5800013d74e2,1
5ecb82ce4687570001fcae34,5bc91ef5345a5800013d74e2,3
5ecdd0874687570001fcae38,5ba9fbf1ee129d0001df1a4e,1
5ecdd0874687570001fcae38,5bb10f8e730e9e0001237d9b,1
5ecdd0874687570001fcae38,5bb111a4730e9e0001237d9d,1
5ecdd0874687570001fcae38,5bb4364781e8a80001c2dbf4,1
5ecdd0874687570001fcae38,5bb6120f81e8a80001c2dc21,1
5ecdd0874687570001fcae38,5bc0da8c51efd70001ea74d1,1
5ecdd0874687570001fcae38,5bc804b2345a5800013d74d7,1
5ecdd0874687570001fcae38,5bc858c65c968b00019b472d,1
5ecdd0874687570001fcae38,5bc8be895c968b00019b4739,1
5ecdd0874687570001fcae38,5bc9879d5c968b00019b473d,1
5ecdd0874687570001fcae38,5bf9c8b053e7d00001dc468d,1
5ecdd0874687570001fcae38,5c016d863da4070001e54d24,1
5ecdd0874687570001fcae38,5c1e1791d62cab0001b68557,1
5ecdd0874687570001fcae38,5c4359813bf2a500013bafe4,1
5ecdd0874687570001fcae38,5c45dbf23bf2a500013bb052,1
5ecdd0874687570001fcae38,5c834b9a6186de00012a0933,1
5ecdd0874687570001fcae38,5cb478f11a05920001750435,1
5ecdd0874687570001fcae38,5cb578d01a05920001750436,1
5ecdd0874687570001fcae38,5cee28f211ec0a0001765d20,1
5ecdd0874687570001fcae38,5ceea68c98f00d000136eb9d,1
5ecdd0874687570001fcae38,5d2342b160d8c30001021c38,1
5ecdd0874687570001fcae38,5d4278543c1f8600013e5684,1
5ecdd0874687570001fcae38,5d5d00c25bed820001968f36,1
5ecdd0874687570001fcae38,5d5ead025e2b1800018491f7,1
5ecdd0874687570001fcae38,5d62906e2fea1f0001cbd1ba,1
5ecdd0874687570001fcae38,5d67927aef3f4c0001d09507,1
5ecdd0874687570001fcae38,5d6d2b5d77fc9f0001f4c6bf,1
5ecdd0874687570001fcae38,5d9d9f981c94b000014ef271,1
5ecdd0874687570001fcae38,5db7ec41d6704000014c5316,1
5ecdd0874687570001fcae38,5dba9b3d83e4170001ed81f4,1
5ecdd0874687570001fcae38,5de2112428c8290001f297c6,1
5ecdd0874687570001fcae38,5e3fd7e19c1f290001ebcbf2,1
5ecdd0874687570001fcae38,5e48ecfc46579600016d0c65,1
5ecdd0874687570001fcae38,5e513117e98214000185d46c,1
5ecdd0874687570001fcae38,5bc858c65c968b00019b472d,4
5ece0c104687570001fcae3c,5bb4cc1d81e8a80001c2dbff,2
5ecee7a134737e00019a3631,5baa0a65ee129d0001df1a53,1
5ecee7a134737e00019a3631,5baf2ca5730e9e0001237d7b,1
5ecee7a134737e00019a3631,5baf3a1b730e9e0001237d7c,1
5ecee7a134737e00019a3631,5bb0fcaa730e9e0001237d8f,1
5ecee7a134737e00019a3631,5bb1094a730e9e0001237d97,1
5ecee7a134737e00019a3631,5bb43abf81e8a80001c2dbf6,1
5ecee7a134737e00019a3631,5bb4b4c481e8a80001c2dbfc,1
5ecee7a134737e00019a3631,5bb4d1e881e8a80001c2dc02,1
5ecee7a134737e00019a3631,5bb5a5de81e8a80001c2dc1a,1
5ecee7a134737e00019a3631,5bb6277b81e8a80001c2dc2e,1
5ecee7a134737e00019a3631,5bbe343e0635060001f6c8a9,1
5ecee7a134737e00019a3631,5bc54eab2aa7a10001e891e3,1
5ecee7a134737e00019a3631,5bc9a8ea345a5800013d74e9,1
5ecee7a134737e00019a3631,5cd52580cb680e0001969ecb,1
5ecee7a134737e00019a3631,5d5a00f807d44600017cb27a,1
5ecee7a134737e00019a3631,5d65073def3f4c0001d094fe,1
5ecee7a134737e00019a3631,5d67950372abfc00018c55fa,1
5ecee7a134737e00019a3631,5d6a78c4ef3f4c0001d09526,1
5ecee7a134737e00019a3631,5baa0a65ee129d0001df1a53,2
5ecee7a134737e00019a3631,5baf2ca5730e9e0001237d7b,2
5ecee7a134737e00019a3631,5baf3a1b730e9e0001237d7c,2
5ecee7a134737e00019a3631,5bb0fcaa730e9e0001237d8f,2
5ecee7a134737e00019a3631,5bb1094a730e9e0001237d97,2
5ecee7a134737e00019a3631,5bb43abf81e8a80001c2dbf6,2
5ecee7a134737e00019a3631,5bb4b4c481e8a80001c2dbfc,2
5ecee7a134737e00019a3631,5bb4d1e881e8a80001c2dc02,2
5ecee7a134737e00019a3631,5bb6277b81e8a80001c2dc2e,2
5ecee7a134737e00019a3631,5bbe343e0635060001f6c8a9,2
5ecee7a134737e00019a3631,5bc54eab2aa7a10001e891e3,2
5ecee7a134737e00019a3631,5bc9a8ea345a5800013d74e9,2
5ecee7a134737e00019a3631,5cd52580cb680e0001969ecb,2
5ecee7a134737e00019a3631,5d5a00f807d44600017cb27a,2
5ecee7a134737e00019a3631,5d65073def3f4c0001d094fe,2
5ecee7a134737e00019a3631,5d67950372abfc00018c55fa,2
5ecee7a134737e00019a3631,5d6a78c4ef3f4c0001d09526,2
5ecee7a134737e00019a3631,5d6deafb77fc9f0001f4c6c4,2
5ecee7a134737e00019a3631,5bb43abf81e8a80001c2dbf6,4
5ecee7a134737e00019a3631,5bc9a8ea345a5800013d74e9,4
5ecf3cc14687570001fcae44,5d432f8016b7960001c615e4,1
5ecf818c59fa4f000165e588,5baf2933730e9e0001237d79,1
5ecf818c59fa4f000165e588,5bb197a481e8a80001c2dbe2,1
5ecf818c59fa4f000165e588,5bb2d50081e8a80001c2dbe6,1
5ecf818c59fa4f000165e588,5bb2d65a81e8a80001c2dbe7,1
5ecf818c59fa4f000165e588,5bb4328181e8a80001c2dbf0,1
5ecf818c59fa4f000165e588,5bb4396881e8a80001c2dbf5,1
5ecf818c59fa4f000165e588,5bb43be781e8a80001c2dbf7,1
5ecf818c59fa4f000165e588,5bb4ceb181e8a80001c2dc00,1
5ecf818c59fa4f000165e588,5bb4d2e281e8a80001c2dc03,1
5ecf818c59fa4f000165e588,5bb4db8e81e8a80001c2dc06,1
5ecf818c59fa4f000165e588,5bb4eba381e8a80001c2dc0e,1
5ecf818c59fa4f000165e588,5bb4ed1381e8a80001c2dc0f,1
5ecf818c59fa4f000165e588,5bb4f50c81e8a80001c2dc15,1
5ecf818c59fa4f000165e588,5bc6a5ec5c968b00019b4729,1
5ecf818c59fa4f000165e588,5bc8647a5c968b00019b472f,1
5ecf818c59fa4f000165e588,5bc873e45c968b00019b4731,1
5ecf818c59fa4f000165e588,5bc9879d5c968b00019b473d,1
5ecf818c59fa4f000165e588,5bc9ab545c968b00019b4742,1
5ecf818c59fa4f000165e588,5bc9b4395c968b00019b4743,1
5ecf818c59fa4f000165e588,5c0120783da4070001e54d20,1
5ecf818c59fa4f000165e588,5c3b5dbf33ea3b0001aae907,1
5ecf818c59fa4f000165e588,5c40a8ea33ea3b0001aaea5e,1
5ecf818c59fa4f000165e588,5c44675de393180001c2de89,1
5ecf818c59fa4f000165e588,5c4d2e50884c6300018d19b2,1
5ecf818c59fa4f000165e588,5c5d2ff2884c6300018d19fa,1
5ecf818c59fa4f000165e588,5c642f02bd9f3800016a82f7,1
5ecf818c59fa4f000165e588,5c7b4edaa6a2cd0001754c9c,1
5ecf818c59fa4f000165e588,5c8348faa6a2cd0001754cc9,1
5ecf818c59fa4f000165e588,5c8352b0a6a2cd0001754cca,1
5ecf818c59fa4f000165e588,5c9a0124586020000148de5e,1
5ecf818c59fa4f000165e588,5d5a0b0260bce9000168b17b,1
5ecf818c59fa4f000165e588,5e2c0350a1c1fc0001362643,1
5ecf818c59fa4f000165e588,5bc9879d5c968b00019b473d,2
5ecf818c59fa4f000165e588,5c0120783da4070001e54d20,2
5ecf818c59fa4f000165e588,5bc9ab545c968b00019b4742,3
5ecf818c59fa4f000165e588,5bc9ab545c968b00019b4742,4
5ecf9b6a59fa4f000165e58c,5bb2d65a81e8a80001c2dbe7,1
5ed0be1c4687570001fcae4e,5caedc0bfa396d00015ed17f,1
5ed1139259fa4f000165e593,5d67950372abfc00018c55fa,1
5ed115454687570001fcae52,5e9358522816ec0001f628aa,1
5ed1dbb74687570001fcae53,5dc18888fb8ee00001d6731d,1
5ed1dbb74687570001fcae53,5e9358522816ec0001f628aa,1
5ed1e2f034737e00019a3645,5c9c5f95a6a2cd0001754d98,1
5ed1e2f034737e00019a3645,5d71c3aa77fc9f0001f4c6dd,1
5ed1e2f034737e00019a3645,5c9c5f95a6a2cd0001754d98,4
5ed20cfb34737e00019a3648,5bb4333f81e8a80001c2dbf1,1
5ed20cfb34737e00019a3648,5bb4396881e8a80001c2dbf5,1
5ed20cfb34737e00019a3648,5bb5a5de81e8a80001c2dc1a,1
5ed20cfb34737e00019a3648,5bc9b4395c968b00019b4743,1
5ed20cfb34737e00019a3648,5c1381bb795f7300010893b3,1
5ed20cfb34737e00019a3648,5c46d3ebe393180001c2dee6,1
5ed20cfb34737e00019a3648,5c98f5bba6a2cd0001754d8b,1
5ed20cfb34737e00019a3648,5ce937e103594f0001c60156,1
5ed20cfb34737e00019a3648,5d52a7eb60bce9000168b156,1
5ed20cfb34737e00019a3648,5d53626707d44600017cb261,1
5ed20cfb34737e00019a3648,5d5bce66ea2763000137d113,1
5ed20cfb34737e00019a3648,5d8a45ed2c5f4400018b7e01,1
5ed20cfb34737e00019a3648,5ce4be0303594f0001c6014b,1
5ed20cfb34737e00019a3648,5d6dff5177fc9f0001f4c6c9,1
5ed2207834737e00019a364a,5c9c5f95a6a2cd0001754d98,4
5ed231004687570001fcae63,5ce4be0303594f0001c6014b,1
5ed231004687570001fcae63,5d6dff5177fc9f0001f4c6c9,1
5ed248514687570001fcae65,5c9c5f95a6a2cd0001754d98,1
5ed248514687570001fcae65,5c9c5f95a6a2cd0001754d98,4
5ed2ed6234737e00019a365d,5e2c0350a1c1fc0001362643,1
5ed32c5459fa4f000165e5b0,5ca080adfa77a200016c21e5,1
5ed32c5459fa4f000165e5b0,5d52a63860bce9000168b154,1
5ed32c5459fa4f000165e5b0,5d52b0ec07d44600017cb25b,1
5ed32c5459fa4f000165e5b0,5d5bc43aea2763000137d10c,1
5ed32c5459fa4f000165e5b0,5d5bc936ea2763000137d10e,1
5ed32c5459fa4f000165e5b0,5e63867ece57000001c7b73a,1
5ed32c5459fa4f000165e5b0,5d5bc936ea2763000137d10e,3
5ed33d6834737e00019a3661,5bb4b4c481e8a80001c2dbfc,1
5ed33d6834737e00019a3661,5caedf1172645600013defc0,1
5ed33d6834737e00019a3661,5d8a516302a7ab0001a45da0,1
5ed33d6834737e00019a3661,5de0d28095aa210001079488,1
5ed3616359fa4f000165e5b4,5bb0f85f730e9e0001237d8b,1
5ed3616359fa4f000165e5b4,5c863702586020000148dda0,1
5ed3616359fa4f000165e5b4,5d539311dd4285000141227f,1
5ed3616359fa4f000165e5b4,5e6340d5856125000194d34c,1
5ed3cf6c4687570001fcae82,5ca06b77ca3b6900011cdee9,1
5ed3cf6c4687570001fcae82,5d59673a60bce9000168b175,1
5ed3cf6c4687570001fcae82,5d669d7372abfc00018c55f3,1
5ed3cf6c4687570001fcae82,5dba9e6dd129c70001c7ad5b,1
5ed3cf6c4687570001fcae82,5dcd3eb382874000014a1eac,1
5ed3cf6c4687570001fcae82,5dd931f228c8290001f29732,1
5ed3cf6c4687570001fcae82,5e047b18da336300018fec46,1
5ed3cf6c4687570001fcae82,5e2c3052046899000179a915,1
5ed3cf6c4687570001fcae82,5e5e32c44ce4770001610214,1
5ed3cf6c4687570001fcae82,5dba9e6dd129c70001c7ad5b,3
5ed3cf6c4687570001fcae82,5dba9e6dd129c70001c7ad5b,4
5ed491a84687570001fcae84,5c50850bbd9f3800016a8072,1
5ed491a84687570001fcae84,5d8a3d292c5f4400018b7dfa,1
5ed491a84687570001fcae84,5de16187d93ecc0001cbca00,1
5ed491a84687570001fcae84,5dede3f628c8290001f29890,1
5ed491a84687570001fcae84,5c50850bbd9f3800016a8072,2
5ed491a84687570001fcae84,5d8a3d292c5f4400018b7dfa,2
5ed491a84687570001fcae84,5de16187d93ecc0001cbca00,2
5ed491a84687570001fcae84,5dede3f628c8290001f29890,2
5ed49cb54687570001fcae87,5bb4d2e281e8a80001c2dc03,1
5ed49cb54687570001fcae87,5e2c0350a1c1fc0001362643,1
5ed49cb54687570001fcae87,5e5b48984ce47700016101cd,1
5ed49cb54687570001fcae87,5e2c0350a1c1fc0001362643,2
5ed49ff459fa4f000165e5bd,5e2c3052046899000179a915,1
5ed54ce74687570001fcae8e,5d2342b160d8c30001021c38,1
5ed5c5c54687570001fcae8f,5bb2d65a81e8a80001c2dbe7,1
5ed5c5c54687570001fcae8f,5c4d2e50884c6300018d19b2,1
5ed5c5c54687570001fcae8f,5c5d2ff2884c6300018d19fa,1
5ed5c5c54687570001fcae8f,5d595c9560bce9000168b172,1
5ed5c5c54687570001fcae8f,5d5a0b0260bce9000168b17b,1
5ed5c5c54687570001fcae8f,5d5d1fdcb764640001ada1c2,1
5ed5c5c54687570001fcae8f,5e2c0350a1c1fc0001362643,1
5ed5fe4059fa4f000165e5ce,5e5b48984ce47700016101cd,1
5ed5fe4059fa4f000165e5ce,5e5b48984ce47700016101cd,4
5ed6453c34737e00019a367d,5d5b882dccc06e00010b9f0d,1
5ed6453c34737e00019a367d,5d5ba550ccc06e00010b9f11,1
5ed6453c34737e00019a367d,5d5bb054ccc06e00010b9f19,1
5ed6453c34737e00019a367d,5d637e21ef3f4c0001d094f5,1
5ed6453c34737e00019a367d,5d6a18d272abfc00018c560e,1
5ed6453c34737e00019a367d,5d883e2802a7ab0001a45d81,1
5ed6453c34737e00019a367d,5df11767dbc26b0001c76ea8,1
5ed6453c34737e00019a367d,5d5ba550ccc06e00010b9f11,2
5ed66aac4687570001fcaea3,5c45dbf23bf2a500013bb052,1
5ed66aac4687570001fcaea3,5d52a7eb60bce9000168b156,1
5ed66aac4687570001fcaea3,5d5b94094394f40001374c19,1
5ed6783834737e00019a3682,5d883e2802a7ab0001a45d81,1
5ed6783834737e00019a3682,5df11767dbc26b0001c76ea8,1
5ed6783834737e00019a3682,5d883e2802a7ab0001a45d81,2
5ed6783834737e00019a3682,5df11767dbc26b0001c76ea8,2
5ed6fae959fa4f000165e5d8,5c748b666186de00012a08cd,1
5ed6fae959fa4f000165e5d8,5cd28833f0d339000139effb,1
5ed6fae959fa4f000165e5d8,5d0ed2d911ec0a0001765d43,1
5ed6fae959fa4f000165e5d8,5cd28833f0d339000139effb,3
5ed6fae959fa4f000165e5d8,5cd28833f0d339000139effb,4
5ed74ff459fa4f000165e5e4,5ba9fbf1ee129d0001df1a4e,1
5ed74ff459fa4f000165e5e4,5baf2933730e9e0001237d79,1
5ed74ff459fa4f000165e5e4,5bc9879d5c968b00019b473d,1
5ed74ff459fa4f000165e5e4,5c94f5116186de00012a09c3,1
5ed74ff459fa4f000165e5e4,5cb478f11a05920001750435,1
5ed74ff459fa4f000165e5e4,5d2342b160d8c30001021c38,1
5ed74ff459fa4f000165e5e4,5d59524e07d44600017cb277,1
5ed74ff459fa4f000165e5e4,5d5ead025e2b1800018491f7,1
5ed74ff459fa4f000165e5e4,5d5f423e2fea1f0001cbd1a9,1
5ed74ff459fa4f000165e5e4,5db8d611d6704000014c5324,1
5ed74ff459fa4f000165e5e4,5ba9fbf1ee129d0001df1a4e,2
5ed74ff459fa4f000165e5e4,5cb478f11a05920001750435,2
5ed74ff459fa4f000165e5e4,5d2342b160d8c30001021c38,2
5ed74ff459fa4f000165e5e4,5d59524e07d44600017cb277,2
5ed74ff459fa4f000165e5e4,5d5ead025e2b1800018491f7,2
5ed74ff459fa4f000165e5e4,5d5f423e2fea1f0001cbd1a9,2
5ed7953834737e00019a3686,5bb43be781e8a80001c2dbf7,1
5ed7953834737e00019a3686,5dba9e6dd129c70001c7ad5b,1
5ed7953834737e00019a3686,5dba9e6dd129c70001c7ad5b,3
5ed7bfd234737e00019a3687,5d5bc936ea2763000137d10e,1
5ed7bfd234737e00019a3687,5d883e2802a7ab0001a45d81,1
5ed7bfd234737e00019a3687,5d936c634d2f6c00014a3a38,1
5ed7bfd234737e00019a3687,5d976a74733fb70001f2a082,1
5ed7bfd234737e00019a3687,5de174cdd93ecc0001cbca04,1
5ed7bfd234737e00019a3687,5dea7337d93ecc0001cbcaa9,1
5ed7bfd234737e00019a3687,5df1141ada336300018feb25,1
5ed7bfd234737e00019a3687,5d5bc936ea2763000137d10e,2
5ed7bfd234737e00019a3687,5d883e2802a7ab0001a45d81,2
5ed7bfd234737e00019a3687,5dea7337d93ecc0001cbcaa9,2
5ed7d76f59fa4f000165e5e7,5d67950372abfc00018c55fa,1
5ed7d76f59fa4f000165e5e7,5d67950372abfc00018c55fa,2
5ed82ee94687570001fcaeb8,5c6c8de3bd9f3800016a841d,1
5ed82ee94687570001fcaeb8,5d5fea5cef3f4c0001d094d4,1
5ed82ee94687570001fcaeb8,5d6df82877fc9f0001f4c6c7,1
5ed82ee94687570001fcaeb8,5dba9e6dd129c70001c7ad5b,1
5ed82ee94687570001fcaeb8,5dc2d84aca8ac60001c98426,1
5ed82ee94687570001fcaeb8,5c6c8de3bd9f3800016a841d,2
5ed82ee94687570001fcaeb8,5dba9e6dd129c70001c7ad5b,2
5ed83cc14687570001fcaeba,5d5ba550ccc06e00010b9f11,1
5ed83cc14687570001fcaeba,5d5bb054ccc06e00010b9f19,1
5ed83cc14687570001fcaeba,5d636f4aef3f4c0001d094ee,1
5ed83cc14687570001fcaeba,5d6377222fea1f0001cbd1bd,1
5ed83cc14687570001fcaeba,5d637e21ef3f4c0001d094f5,1
5ed83cc14687570001fcaeba,5d68eca22fea1f0001cbd1e0,1
5ed83cc14687570001fcaeba,5d6a18d272abfc00018c560e,1
5ed83cc14687570001fcaeba,5d6a1ade72abfc00018c5610,1
5ed83cc14687570001fcaeba,5d883e2802a7ab0001a45d81,1
5ed83cc14687570001fcaeba,5d8a516302a7ab0001a45da0,1
5ed83cc14687570001fcaeba,5d937af94d2f6c00014a3a3c,1
5ed83cc14687570001fcaeba,5df11767dbc26b0001c76ea8,1
5ed83cc14687570001fcaeba,5d6377222fea1f0001cbd1bd,2
5ed83cc14687570001fcaeba,5df11767dbc26b0001c76ea8,2
5ed83cc14687570001fcaeba,5df11767dbc26b0001c76ea8,3
5ed8e8fc59fa4f000165e5f7,5bb6234d81e8a80001c2dc2c,1
5ed8e8fc59fa4f000165e5f7,5bc0d97951efd70001ea74d0,1
5ed8e8fc59fa4f000165e5f7,5bd51de1f4e6da000181ed43,1
5ed8e8fc59fa4f000165e5f7,5bd7ccdc75c0ab0001d9e6df,1
5ed8e8fc59fa4f000165e5f7,5bfece71770d4900011fcaf4,1
5ed8e8fc59fa4f000165e5f7,5c062d80857476000148a37e,1
5ed8e8fc59fa4f000165e5f7,5c1381bb795f7300010893b3,1
5ed8e8fc59fa4f000165e5f7,5c456682e393180001c2dea7,1
5ed8e8fc59fa4f000165e5f7,5c6eba3a6186de00012a089a,1
5ed8e8fc59fa4f000165e5f7,5c7ba2e00ec5c8000195dbd4,1
5ed8e8fc59fa4f000165e5f7,5c98f5bba6a2cd0001754d8b,1
5ed8e8fc59fa4f000165e5f7,5cc439bc1a05920001750474,1
5ed8e8fc59fa4f000165e5f7,5cc954dccb680e0001969e96,1
5ed8e8fc59fa4f000165e5f7,5ce4be0303594f0001c6014b,1
5ed8e8fc59fa4f000165e5f7,5d595004dd428500014122a5,1
5ed94e4f59fa4f000165e5fb,5ed4712a34737e00019a3666,1
5ed94e4f59fa4f000165e5fb,5ed4712a34737e00019a3666,2
5eda2d474687570001fcaece,5d52a63860bce9000168b154,1
5eda2d474687570001fcaece,5d5bcffc4394f40001374c2e,1
5eda2d474687570001fcaece,5d883e2802a7ab0001a45d81,1
5eda2d474687570001fcaece,5de0d175d93ecc0001cbc9e2,1
5eda2d474687570001fcaece,5de0e12d28c8290001f297a2,1
5eda2d474687570001fcaece,5de124dad93ecc0001cbc9f9,1
5eda2d474687570001fcaece,5d5bcffc4394f40001374c2e,2
5eda2d474687570001fcaece,5d883e2802a7ab0001a45d81,2
5eda2d474687570001fcaece,5de0d175d93ecc0001cbc9e2,2
5eda2d474687570001fcaece,5de0e12d28c8290001f297a2,2
5eda2d474687570001fcaece,5de124dad93ecc0001cbc9f9,2
5eda310a34737e00019a3693,5d59673a60bce9000168b175,4
hafiyyan,berhasil,1
hafiyyan,berhasil2,2
hafiyyan,berhasil2,21
hafiyyan,berhasil2,212
